winner,red
game,913
iterations,15
times of actions,"[[1, 0.8197743892669678, (<Action.MOVE: 2>, 0, 1)], [0, 0.011047601699829102, (<Action.MOVE: 2>, 0, 1)], [1, 1.7010133266448975, (<Action.MOVE: 2>, 1, 1)], [0, 0.01700615882873535, (<Action.MOVE: 2>, 0, 1)], [1, 2.379000425338745, (<Action.MOVE: 2>, 0, 1)], [0, 0.021996259689331055, (<Action.MOVE: 2>, 0, 1)], [1, 2.115015745162964, (<Action.MOVE: 2>, 0, 1)], [0, 0.017991304397583008, (<Action.MOVE: 2>, 0, 1)], [1, 1.021937608718872, (<Action.MOVE: 2>, 1, -1)], [0, 0.008994579315185547, (<Action.MOVE: 2>, -1, -1)], [1, 2.927004098892212, (<Action.MOVE: 2>, 1, 0)], [0, 0.014996767044067383, (<Action.MOVE: 2>, 0, 1)], [1, 1.9600040912628174, (<Action.MOVE: 2>, 1, -1)], [0, 0.009999275207519531, (<Action.MOVE: 2>, -1, 1)], [0, 0.012997150421142578, (<Action.MOVE: 2>, -1, -1)], [1, 2.642005205154419, (<Action.MOVE: 2>, 1, 0)]]"
winner,red
game,914
iterations,7
times of actions,"[[1, 1.9986906051635742, (<Action.MOVE: 2>, 1, 1)], [0, 0.010008811950683594, (<Action.MOVE: 2>, -1, 0)], [1, 3.1010024547576904, (<Action.MOVE: 2>, 1, 0)], [0, 0.015018939971923828, (<Action.MOVE: 2>, 0, -1)], [1, 1.7570054531097412, (<Action.MOVE: 2>, 1, -1)], [0, 0.010004997253417969, (<Action.MOVE: 2>, 0, 1)], [1, 2.548959732055664, (<Action.MOVE: 2>, 1, 0)]]"
winner,red
game,915
iterations,9
times of actions,"[[1, 1.1290428638458252, (<Action.MOVE: 2>, 1, 0)], [0, 0.0059967041015625, (<Action.MOVE: 2>, -1, 0)], [1, 1.289963722229004, (<Action.MOVE: 2>, 1, 0)], [0, 0.009000301361083984, (<Action.MOVE: 2>, -1, -1)], [0, 0.00998234748840332, (<Action.MOVE: 2>, -1, 1)], [1, 3.1960575580596924, (<Action.MOVE: 2>, 1, 0)], [0, 0.016018152236938477, (<Action.MOVE: 2>, -1, -1)], [1, 1.595947504043579, (<Action.MOVE: 2>, 1, -1)], [0, 0.010042905807495117, (<Action.MOVE: 2>, -1, 0)], [1, 1.130000114440918, (<Action.MOVE: 2>, 1, 0)]]"
winner,red
game,916
iterations,11
times of actions,"[[1, 1.7759203910827637, (<Action.MOVE: 2>, 1, 0)], [0, 0.010001182556152344, (<Action.MOVE: 2>, 0, 1)], [1, 1.7819607257843018, (<Action.MOVE: 2>, 0, -1)], [0, 0.0189969539642334, (<Action.MOVE: 2>, 0, 1)], [1, 1.218005895614624, (<Action.MOVE: 2>, 1, 0)], [0, 0.008982658386230469, (<Action.MOVE: 2>, 1, 0)], [1, 1.4269609451293945, (<Action.MOVE: 2>, 1, 0)], [0, 0.007029533386230469, (<Action.MOVE: 2>, 0, -1)], [1, 2.2579572200775146, (<Action.MOVE: 2>, 1, -1)], [0, 0.011998891830444336, (<Action.MOVE: 2>, 0, 1)], [1, 1.113964557647705, (<Action.MOVE: 2>, 1, 0)]]"
winner,red
game,917
iterations,11
times of actions,"[[1, 1.6259994506835938, (<Action.MOVE: 2>, 0, 1)], [0, 0.010004043579101562, (<Action.MOVE: 2>, -1, 0)], [1, 2.291954517364502, (<Action.MOVE: 2>, 0, 1)], [0, 0.017005205154418945, (<Action.MOVE: 2>, -1, 1)], [1, 1.2760288715362549, (<Action.MOVE: 2>, 1, 0)], [0, 0.00899505615234375, (<Action.MOVE: 2>, -1, -1)], [1, 2.739997386932373, (<Action.MOVE: 2>, 1, 0)], [0, 0.015004873275756836, (<Action.MOVE: 2>, -1, 1)], [1, 1.3089966773986816, (<Action.MOVE: 2>, 1, -1)], [0, 0.0059926509857177734, (<Action.MOVE: 2>, 1, -1)], [1, 2.178992748260498, (<Action.MOVE: 2>, 1, 0)]]"
winner,red
game,918
iterations,7
times of actions,"[[1, 2.0310170650482178, (<Action.MOVE: 2>, 1, 0)], [0, 0.009983539581298828, (<Action.MOVE: 2>, -1, 0)], [1, 3.0399892330169678, (<Action.MOVE: 2>, 1, 0)], [0, 0.015012025833129883, (<Action.MOVE: 2>, -1, -1)], [1, 1.768035888671875, (<Action.MOVE: 2>, 1, -1)], [0, 0.009999990463256836, (<Action.MOVE: 2>, -1, 0)], [1, 1.5100266933441162, (<Action.MOVE: 2>, 1, 0)]]"
winner,red
game,919
iterations,9
times of actions,"[[1, 2.0829641819000244, (<Action.MOVE: 2>, 0, -1)], [0, 0.011001825332641602, (<Action.MOVE: 2>, -1, -1)], [1, 2.0780420303344727, (<Action.MOVE: 2>, 1, 0)], [0, 0.016007423400878906, (<Action.MOVE: 2>, -1, 0)], [1, 3.0690019130706787, (<Action.MOVE: 2>, 1, 0)], [0, 0.013999223709106445, (<Action.MOVE: 2>, 1, 0)], [1, 2.8180127143859863, (<Action.MOVE: 2>, 1, -1)], [0, 0.01600480079650879, (<Action.MOVE: 2>, -1, 0)], [1, 2.380960702896118, (<Action.MOVE: 2>, 1, 0)]]"
winner,red
game,920
iterations,15
times of actions,"[[1, 0.758995771408081, (<Action.MOVE: 2>, 1, 1)], [0, 0.008993148803710938, (<Action.MOVE: 2>, -1, 0)], [1, 2.816955327987671, (<Action.MOVE: 2>, 0, 1)], [0, 0.022008657455444336, (<Action.MOVE: 2>, -1, 0)], [1, 2.8369386196136475, (<Action.MOVE: 2>, 1, 1)], [0, 0.014000415802001953, (<Action.MOVE: 2>, -1, -1)], [1, 3.427006244659424, (<Action.MOVE: 2>, 1, 1)], [0, 0.01601409912109375, (<Action.MOVE: 2>, 1, 0)], [1, 3.3309433460235596, (<Action.MOVE: 2>, 1, 0)], [0, 0.015979528427124023, (<Action.MOVE: 2>, -1, 0)], [1, 2.990943431854248, (<Action.MOVE: 2>, 1, 0)], [0, 0.014993906021118164, (<Action.MOVE: 2>, -1, -1)], [1, 1.6180033683776855, (<Action.MOVE: 2>, 1, -1)], [0, 0.010999441146850586, (<Action.MOVE: 2>, -1, 1)], [1, 1.9549980163574219, (<Action.MOVE: 2>, 1, 0)]]"
winner,red
game,921
iterations,10
times of actions,"[[0, 0.009957551956176758, (<Action.MOVE: 2>, 1, 0)], [1, 1.8079802989959717, (<Action.MOVE: 2>, -1, -1)], [0, 0.014993906021118164, (<Action.MOVE: 2>, 1, 0)], [1, 3.4549500942230225, (<Action.MOVE: 2>, -1, 0)], [0, 0.015999794006347656, (<Action.MOVE: 2>, -1, 0)], [1, 3.3519654273986816, (<Action.MOVE: 2>, -1, 0)], [0, 0.013999700546264648, (<Action.MOVE: 2>, 1, -1)], [1, 1.5380115509033203, (<Action.MOVE: 2>, -1, -1)], [0, 0.009000778198242188, (<Action.MOVE: 2>, 1, 1)], [1, 1.7549588680267334, (<Action.MOVE: 2>, -1, 0)]]"
winner,blue
game,922
iterations,13
times of actions,"[[1, 2.0917088985443115, (<Action.MOVE: 2>, 1, 0)], [0, 0.012959957122802734, (<Action.MOVE: 2>, 0, 1)], [1, 2.4540023803710938, (<Action.MOVE: 2>, 0, 1)], [0, 0.019986867904663086, (<Action.MOVE: 2>, 0, -1)], [1, 2.341956377029419, (<Action.MOVE: 2>, 0, 1)], [0, 0.01699376106262207, (<Action.MOVE: 2>, 0, -1)], [1, 1.7189617156982422, (<Action.MOVE: 2>, 1, -1)], [0, 0.017009258270263672, (<Action.MOVE: 2>, -1, 0)], [1, 2.9999594688415527, (<Action.MOVE: 2>, 1, 0)], [0, 0.01500082015991211, (<Action.MOVE: 2>, -1, -1)], [1, 1.744002342224121, (<Action.MOVE: 2>, 1, -1)], [0, 0.008995532989501953, (<Action.MOVE: 2>, 0, 1)], [1, 2.3449432849884033, (<Action.MOVE: 2>, 1, 0)]]"
winner,red
game,923
iterations,11
times of actions,"[[1, 1.5780422687530518, (<Action.MOVE: 2>, 1, 1)], [0, 0.010056734085083008, (<Action.MOVE: 2>, -1, -1)], [1, 2.1509335041046143, (<Action.MOVE: 2>, 1, 0)], [0, 0.01894521713256836, (<Action.MOVE: 2>, 1, 0)], [1, 2.048966884613037, (<Action.MOVE: 2>, 1, 0)], [0, 0.014992952346801758, (<Action.MOVE: 2>, -1, 0)], [1, 3.022895097732544, (<Action.MOVE: 2>, 1, 0)], [0, 0.013958215713500977, (<Action.MOVE: 2>, -1, -1)], [1, 1.7459547519683838, (<Action.MOVE: 2>, 1, -1)], [0, 0.00904226303100586, (<Action.MOVE: 2>, 1, 0)], [1, 1.4989769458770752, (<Action.MOVE: 2>, 1, 0)]]"
winner,red
game,924
iterations,9
times of actions,"[[1, 2.455979824066162, (<Action.MOVE: 2>, 0, 1)], [0, 0.009043455123901367, (<Action.MOVE: 2>, 0, -1)], [1, 1.7405939102172852, (<Action.MOVE: 2>, 1, -1)], [0, 0.017008543014526367, (<Action.MOVE: 2>, -1, 0)], [1, 3.264712333679199, (<Action.MOVE: 2>, 1, 0)], [0, 0.016013145446777344, (<Action.MOVE: 2>, -1, -1)], [1, 1.7679898738861084, (<Action.MOVE: 2>, 1, -1)], [0, 0.009000778198242188, (<Action.MOVE: 2>, 1, 0)], [1, 1.5430560111999512, (<Action.MOVE: 2>, 1, 0)]]"
winner,red
game,925
iterations,12
times of actions,"[[0, 0.00999593734741211, (<Action.MOVE: 2>, 0, -1)], [1, 0.8740003108978271, (<Action.MOVE: 2>, 0, 1)], [0, 0.011006593704223633, (<Action.MOVE: 2>, 0, 1)], [1, 1.9140024185180664, (<Action.MOVE: 2>, -1, 1)], [0, 0.01700615882873535, (<Action.MOVE: 2>, 0, 1)], [1, 3.9515416622161865, (<Action.MOVE: 2>, -1, 1)], [0, 0.01399683952331543, (<Action.MOVE: 2>, 1, -1)], [1, 3.1640102863311768, (<Action.MOVE: 2>, -1, 0)], [0, 0.014979362487792969, (<Action.MOVE: 2>, -1, 0)], [1, 2.99395751953125, (<Action.MOVE: 2>, -1, -1)], [0, 0.013995647430419922, (<Action.MOVE: 2>, 1, -1)], [1, 1.4780457019805908, (<Action.MOVE: 2>, -1, 0)]]"
winner,blue
game,926
iterations,10
times of actions,"[[0, 0.005007028579711914, (<Action.MOVE: 2>, 1, 0)], [1, 1.3139994144439697, (<Action.MOVE: 2>, -1, 0)], [0, 0.009002447128295898, (<Action.MOVE: 2>, 0, 1)], [1, 3.3499577045440674, (<Action.MOVE: 2>, -1, 0)], [0, 0.014987945556640625, (<Action.MOVE: 2>, 1, 0)], [1, 2.9789602756500244, (<Action.MOVE: 2>, -1, 0)], [0, 0.016005992889404297, (<Action.MOVE: 2>, 1, -1)], [1, 1.552940845489502, (<Action.MOVE: 2>, -1, -1)], [0, 0.00799560546875, (<Action.MOVE: 2>, 1, 0)], [1, 1.094963550567627, (<Action.MOVE: 2>, -1, 0)]]"
winner,blue
game,927
iterations,11
times of actions,"[[1, 1.088951826095581, (<Action.MOVE: 2>, 1, 0)], [0, 0.009996891021728516, (<Action.MOVE: 2>, 0, 1)], [1, 1.945094108581543, (<Action.MOVE: 2>, 1, 0)], [0, 0.018002748489379883, (<Action.MOVE: 2>, 0, -1)], [1, 1.7359561920166016, (<Action.MOVE: 2>, 1, -1)], [0, 0.015999555587768555, (<Action.MOVE: 2>, -1, 0)], [1, 3.0139617919921875, (<Action.MOVE: 2>, 1, 0)], [0, 0.014995336532592773, (<Action.MOVE: 2>, 0, -1)], [1, 1.7479581832885742, (<Action.MOVE: 2>, 1, -1)], [0, 0.009002685546875, (<Action.MOVE: 2>, -1, 1)], [1, 2.3589885234832764, (<Action.MOVE: 2>, 1, 0)]]"
winner,red
game,928
iterations,10
times of actions,"[[0, 0.004007101058959961, (<Action.MOVE: 2>, 1, 1)], [1, 2.1518442630767822, (<Action.MOVE: 2>, -1, 1)], [0, 0.015993833541870117, (<Action.MOVE: 2>, 1, -1)], [1, 2.201991081237793, (<Action.MOVE: 2>, -1, 0)], [0, 0.008002042770385742, (<Action.MOVE: 2>, 1, 1)], [1, 2.9709622859954834, (<Action.MOVE: 2>, -1, 0)], [0, 0.014983892440795898, (<Action.MOVE: 2>, 1, 0)], [1, 2.1289613246917725, (<Action.MOVE: 2>, -1, -1)], [0, 0.012000560760498047, (<Action.MOVE: 2>, 0, 1)], [1, 2.06899094581604, (<Action.MOVE: 2>, -1, 0)]]"
winner,blue
game,929
iterations,15
times of actions,"[[1, 1.3189914226531982, (<Action.MOVE: 2>, 1, 0)], [0, 0.01100301742553711, (<Action.MOVE: 2>, 0, 1)], [1, 2.0329575538635254, (<Action.MOVE: 2>, 1, 0)], [0, 0.01699042320251465, (<Action.MOVE: 2>, 0, 1)], [1, 2.3319971561431885, (<Action.MOVE: 2>, 0, 1)], [0, 0.019982099533081055, (<Action.MOVE: 2>, 0, -1)], [1, 2.3879454135894775, (<Action.MOVE: 2>, 0, 1)], [0, 0.01800251007080078, (<Action.MOVE: 2>, 0, -1)], [1, 1.7569608688354492, (<Action.MOVE: 2>, 1, -1)], [0, 0.01598978042602539, (<Action.MOVE: 2>, -1, 0)], [1, 3.222043037414551, (<Action.MOVE: 2>, 1, 0)], [0, 0.013980388641357422, (<Action.MOVE: 2>, -1, -1)], [1, 1.7349762916564941, (<Action.MOVE: 2>, 1, -1)], [0, 0.009061098098754883, (<Action.MOVE: 2>, -1, 1)], [1, 2.2430129051208496, (<Action.MOVE: 2>, 1, 0)]]"
winner,red
game,930
iterations,15
times of actions,"[[1, 0.7680130004882812, (<Action.MOVE: 2>, 1, 1)], [0, 0.010004281997680664, (<Action.MOVE: 2>, 0, -1)], [1, 1.6880419254302979, (<Action.MOVE: 2>, 1, 1)], [0, 0.0179903507232666, (<Action.MOVE: 2>, 0, 1)], [1, 2.300997018814087, (<Action.MOVE: 2>, 0, 1)], [0, 0.019941091537475586, (<Action.MOVE: 2>, 0, -1)], [1, 2.3190407752990723, (<Action.MOVE: 2>, 0, 1)], [0, 0.0180056095123291, (<Action.MOVE: 2>, 0, -1)], [1, 1.7529511451721191, (<Action.MOVE: 2>, 1, -1)], [0, 0.016994953155517578, (<Action.MOVE: 2>, -1, 0)], [1, 3.1800148487091064, (<Action.MOVE: 2>, 1, 0)], [0, 0.015045404434204102, (<Action.MOVE: 2>, 0, -1)], [1, 1.7430031299591064, (<Action.MOVE: 2>, 1, -1)], [0, 0.00904536247253418, (<Action.MOVE: 2>, -1, 1)], [1, 2.375004291534424, (<Action.MOVE: 2>, 1, 0)]]"
winner,red
game,931
iterations,4
times of actions,"[[1, 0.8640012741088867, (<Action.MOVE: 2>, 0, 1)], [0, 0.010041952133178711, (<Action.MOVE: 2>, -1, 1)], [1, 1.7640025615692139, (<Action.MOVE: 2>, 0, 1)], [0, 0.016001462936401367, (<Action.MOVE: 2>, -1, 0)], [1, 2.3119988441467285, (<Action.MOVE: 2>, 1, 0)]]"
winner,none
game,932
iterations,4
times of actions,"[[1, 0.855705738067627, (<Action.MOVE: 2>, 0, 1)], [0, 0.009996414184570312, (<Action.MOVE: 2>, -1, 1)], [1, 1.787003755569458, (<Action.MOVE: 2>, 0, 1)], [0, 0.01594233512878418, (<Action.MOVE: 2>, -1, 0)], [1, 2.5399515628814697, (<Action.MOVE: 2>, 1, 0)]]"
winner,none
game,933
iterations,12
times of actions,"[[0, 0.0099639892578125, (<Action.MOVE: 2>, 1, 1)], [1, 0.9649960994720459, (<Action.MOVE: 2>, -1, 1)], [0, 0.008997201919555664, (<Action.MOVE: 2>, 1, 0)], [1, 1.195967197418213, (<Action.MOVE: 2>, 0, 1)], [0, 0.009989738464355469, (<Action.MOVE: 2>, 0, -1)], [1, 3.077995538711548, (<Action.MOVE: 2>, -1, -1)], [0, 0.01596689224243164, (<Action.MOVE: 2>, 1, -1)], [1, 2.703967571258545, (<Action.MOVE: 2>, -1, 0)], [0, 0.009000539779663086, (<Action.MOVE: 2>, 0, 1)], [1, 2.054997444152832, (<Action.MOVE: 2>, -1, 0)], [0, 0.011997222900390625, (<Action.MOVE: 2>, -1, 0)], [1, 2.1670420169830322, (<Action.MOVE: 2>, -1, 0)]]"
winner,blue
game,934
iterations,10
times of actions,"[[0, 0.010989189147949219, (<Action.MOVE: 2>, 0, 1)], [1, 1.3439021110534668, (<Action.MOVE: 2>, -1, 0)], [0, 0.009999275207519531, (<Action.MOVE: 2>, 1, 0)], [1, 2.4191298484802246, (<Action.MOVE: 2>, -1, -1)], [0, 0.010008811950683594, (<Action.MOVE: 2>, -1, 0)], [1, 1.942953109741211, (<Action.MOVE: 2>, -1, 0)], [0, 0.010000467300415039, (<Action.MOVE: 2>, 1, 0)], [1, 1.7919623851776123, (<Action.MOVE: 2>, -1, 0)], [0, 0.01000356674194336, (<Action.MOVE: 2>, 0, -1)], [1, 2.435875415802002, (<Action.MOVE: 2>, -1, 0)]]"
winner,blue
game,935
iterations,10
times of actions,"[[0, 0.00499272346496582, (<Action.MOVE: 2>, 0, 1)], [1, 1.820035457611084, (<Action.MOVE: 2>, -1, -1)], [0, 0.0170133113861084, (<Action.MOVE: 2>, 1, -1)], [1, 2.233961820602417, (<Action.MOVE: 2>, -1, 0)], [0, 0.009040594100952148, (<Action.MOVE: 2>, 0, 1)], [1, 3.041962146759033, (<Action.MOVE: 2>, -1, 0)], [0, 0.015006065368652344, (<Action.MOVE: 2>, 0, -1)], [1, 1.920959234237671, (<Action.MOVE: 2>, -1, 0)], [0, 0.009999752044677734, (<Action.MOVE: 2>, 1, 1)], [1, 2.1670427322387695, (<Action.MOVE: 2>, -1, 0)]]"
winner,blue
game,936
iterations,13
times of actions,"[[1, 2.0990025997161865, (<Action.MOVE: 2>, 1, 0)], [0, 0.009958982467651367, (<Action.MOVE: 2>, 0, 1)], [1, 2.3660082817077637, (<Action.MOVE: 2>, 0, 1)], [0, 0.019995927810668945, (<Action.MOVE: 2>, 0, -1)], [1, 2.4154913425445557, (<Action.MOVE: 2>, 0, 1)], [0, 0.01899242401123047, (<Action.MOVE: 2>, 0, -1)], [1, 1.737959384918213, (<Action.MOVE: 2>, 1, -1)], [0, 0.015995264053344727, (<Action.MOVE: 2>, -1, 0)], [1, 3.0569708347320557, (<Action.MOVE: 2>, 1, 0)], [0, 0.01498866081237793, (<Action.MOVE: 2>, -1, -1)], [1, 1.9359803199768066, (<Action.MOVE: 2>, 1, -1)], [0, 0.010002374649047852, (<Action.MOVE: 2>, 1, 0)], [1, 1.6049635410308838, (<Action.MOVE: 2>, 1, 0)]]"
winner,red
game,937
iterations,7
times of actions,"[[1, 1.2414686679840088, (<Action.MOVE: 2>, 1, 0)], [0, 0.00699615478515625, (<Action.MOVE: 2>, 1, 0)], [1, 1.510732650756836, (<Action.MOVE: 2>, 1, 0)], [0, 0.006957530975341797, (<Action.MOVE: 2>, -1, -1)], [0, 0.00703740119934082, (<Action.MOVE: 2>, -1, -1)], [0, 0.006998300552368164, (<Action.MOVE: 2>, 0, 1)], [1, 2.198992967605591, (<Action.MOVE: 2>, 1, 0)], [0, 0.010980606079101562, (<Action.MOVE: 2>, -1, 0)], [1, 2.3759655952453613, (<Action.MOVE: 2>, 1, 0)]]"
winner,red
game,938
iterations,10
times of actions,"[[0, 0.009995698928833008, (<Action.MOVE: 2>, 1, 0)], [1, 2.4649999141693115, (<Action.MOVE: 2>, -1, 0)], [0, 0.02001810073852539, (<Action.MOVE: 2>, 1, 0)], [1, 3.3979651927948, (<Action.MOVE: 2>, -1, 0)], [0, 0.015954017639160156, (<Action.MOVE: 2>, 0, -1)], [1, 2.977996587753296, (<Action.MOVE: 2>, -1, 0)], [0, 0.0149993896484375, (<Action.MOVE: 2>, 1, 0)], [1, 2.0910000801086426, (<Action.MOVE: 2>, -1, -1)], [0, 0.01201629638671875, (<Action.MOVE: 2>, -1, 0)], [1, 2.233983039855957, (<Action.MOVE: 2>, -1, 0)]]"
winner,blue
game,939
iterations,11
times of actions,"[[1, 2.0869922637939453, (<Action.MOVE: 2>, 0, -1)], [0, 0.009999752044677734, (<Action.MOVE: 2>, -1, 0)], [1, 2.43495774269104, (<Action.MOVE: 2>, 0, 1)], [0, 0.017001867294311523, (<Action.MOVE: 2>, -1, 0)], [1, 1.987004280090332, (<Action.MOVE: 2>, 1, -1)], [0, 0.013983964920043945, (<Action.MOVE: 2>, -1, -1)], [1, 2.968971014022827, (<Action.MOVE: 2>, 1, 0)], [0, 0.020000934600830078, (<Action.MOVE: 2>, 0, 1)], [1, 2.944000720977783, (<Action.MOVE: 2>, 1, -1)], [0, 0.014984130859375, (<Action.MOVE: 2>, -1, 0)], [1, 2.1220016479492188, (<Action.MOVE: 2>, 1, 0)]]"
winner,red
game,940
iterations,10
times of actions,"[[0, 0.010008573532104492, (<Action.MOVE: 2>, 1, 1)], [1, 1.29998779296875, (<Action.MOVE: 2>, -1, 1)], [0, 0.00903630256652832, (<Action.MOVE: 2>, 1, -1)], [1, 3.3009896278381348, (<Action.MOVE: 2>, -1, 0)], [0, 0.015005111694335938, (<Action.MOVE: 2>, 0, 1)], [1, 1.9359993934631348, (<Action.MOVE: 2>, -1, 0)], [0, 0.009000778198242188, (<Action.MOVE: 2>, 0, -1)], [1, 2.8339946269989014, (<Action.MOVE: 2>, -1, -1)], [0, 0.014997720718383789, (<Action.MOVE: 2>, 1, 0)], [1, 2.4009592533111572, (<Action.MOVE: 2>, -1, 0)]]"
winner,blue
game,941
iterations,16
times of actions,"[[0, 0.006997346878051758, (<Action.MOVE: 2>, 1, -1)], [1, 2.027806520462036, (<Action.MOVE: 2>, -1, -1)], [0, 0.018991470336914062, (<Action.MOVE: 2>, 0, 1)], [1, 3.978961706161499, (<Action.MOVE: 2>, 1, 0)], [0, 0.0200040340423584, (<Action.MOVE: 2>, -1, 0)], [1, 3.3399484157562256, (<Action.MOVE: 2>, 0, -1)], [0, 0.011983156204223633, (<Action.MOVE: 2>, 0, 1)], [1, 2.856968402862549, (<Action.MOVE: 2>, -1, 0)], [0, 0.011009454727172852, (<Action.MOVE: 2>, 0, 1)], [1, 1.7609663009643555, (<Action.MOVE: 2>, -1, 0)], [0, 0.00599980354309082, (<Action.MOVE: 2>, 1, -1)], [1, 3.1910412311553955, (<Action.MOVE: 2>, -1, 0)], [0, 0.015003204345703125, (<Action.MOVE: 2>, 1, 1)], [1, 1.7819571495056152, (<Action.MOVE: 2>, -1, 0)], [0, 0.009000301361083984, (<Action.MOVE: 2>, 0, -1)], [1, 2.365999937057495, (<Action.MOVE: 2>, -1, 0)]]"
winner,blue
game,942
iterations,10
times of actions,"[[0, 0.011033296585083008, (<Action.MOVE: 2>, 0, 1)], [1, 1.3469507694244385, (<Action.MOVE: 2>, -1, 0)], [0, 0.00900411605834961, (<Action.MOVE: 2>, 1, 0)], [1, 2.2880570888519287, (<Action.MOVE: 2>, -1, -1)], [0, 0.010000467300415039, (<Action.MOVE: 2>, 1, 0)], [1, 1.8029563426971436, (<Action.MOVE: 2>, -1, 0)], [0, 0.010015010833740234, (<Action.MOVE: 2>, 1, -1)], [1, 2.261960744857788, (<Action.MOVE: 2>, -1, 0)], [0, 0.013040304183959961, (<Action.MOVE: 2>, -1, 1)], [1, 1.6079590320587158, (<Action.MOVE: 2>, -1, 0)]]"
winner,blue
game,943
iterations,9
times of actions,"[[1, 2.5820043087005615, (<Action.MOVE: 2>, 0, 1)], [0, 0.011005401611328125, (<Action.MOVE: 2>, 0, -1)], [1, 1.851996660232544, (<Action.MOVE: 2>, 1, -1)], [0, 0.017004013061523438, (<Action.MOVE: 2>, -1, 0)], [1, 3.230961799621582, (<Action.MOVE: 2>, 1, 0)], [0, 0.016002893447875977, (<Action.MOVE: 2>, 0, -1)], [1, 1.8459618091583252, (<Action.MOVE: 2>, 1, -1)], [0, 0.010016679763793945, (<Action.MOVE: 2>, -1, -1)], [0, 0.00998997688293457, (<Action.MOVE: 2>, 0, 1)], [1, 2.4579617977142334, (<Action.MOVE: 2>, 1, 0)]]"
winner,red
game,944
iterations,15
times of actions,"[[1, 1.439004898071289, (<Action.MOVE: 2>, 1, 0)], [0, 0.011005163192749023, (<Action.MOVE: 2>, -1, -1)], [1, 3.309993267059326, (<Action.MOVE: 2>, 1, 0)], [0, 0.022995948791503906, (<Action.MOVE: 2>, -1, -1)], [1, 2.733999013900757, (<Action.MOVE: 2>, 0, -1)], [0, 0.0160067081451416, (<Action.MOVE: 2>, 1, 0)], [1, 3.151643753051758, (<Action.MOVE: 2>, 1, -1)], [0, 0.012017965316772461, (<Action.MOVE: 2>, -1, 0)], [1, 3.3729615211486816, (<Action.MOVE: 2>, 1, -1)], [0, 0.009992837905883789, (<Action.MOVE: 2>, 1, 0)], [1, 2.4989712238311768, (<Action.MOVE: 2>, 1, 0)], [0, 0.011008024215698242, (<Action.MOVE: 2>, 0, 1)], [1, 2.0670034885406494, (<Action.MOVE: 2>, 0, 1)], [0, 0.011998653411865234, (<Action.MOVE: 2>, -1, 1)], [1, 1.5979959964752197, (<Action.MOVE: 2>, 1, 0)]]"
winner,red
game,945
iterations,11
times of actions,"[[1, 0.868948221206665, (<Action.MOVE: 2>, 0, 1)], [0, 0.009998559951782227, (<Action.MOVE: 2>, -1, -1)], [1, 1.0139589309692383, (<Action.MOVE: 2>, 0, 1)], [0, 0.011000871658325195, (<Action.MOVE: 2>, 1, 0)], [1, 1.1879959106445312, (<Action.MOVE: 2>, 1, 1)], [0, 0.011000871658325195, (<Action.MOVE: 2>, -1, 1)], [1, 3.063018560409546, (<Action.MOVE: 2>, 1, 0)], [0, 0.014007329940795898, (<Action.MOVE: 2>, 0, -1)], [1, 1.8049631118774414, (<Action.MOVE: 2>, 1, -1)], [0, 0.009002685546875, (<Action.MOVE: 2>, 1, 0)], [1, 1.489351511001587, (<Action.MOVE: 2>, 1, 0)]]"
winner,red
game,946
iterations,10
times of actions,"[[0, 0.0029997825622558594, (<Action.MOVE: 2>, 0, 1)], [1, 1.6000392436981201, (<Action.MOVE: 2>, -1, 0)], [0, 0.013000726699829102, (<Action.MOVE: 2>, 1, 1)], [1, 4.2089550495147705, (<Action.MOVE: 2>, -1, 1)], [0, 0.018002986907958984, (<Action.MOVE: 2>, 1, 1)], [1, 4.310971260070801, (<Action.MOVE: 2>, -1, 0)], [0, 0.024002790451049805, (<Action.MOVE: 2>, 0, -1)], [1, 3.970001459121704, (<Action.MOVE: 2>, -1, -1)], [0, 0.021959543228149414, (<Action.MOVE: 2>, 1, 0)], [1, 3.281618595123291, (<Action.MOVE: 2>, -1, 0)]]"
winner,blue
game,947
iterations,13
times of actions,"[[1, 0.8242409229278564, (<Action.MOVE: 2>, 1, 1)], [0, 0.011002063751220703, (<Action.MOVE: 2>, 0, -1)], [1, 1.5130031108856201, (<Action.MOVE: 2>, 1, 0)], [0, 0.027001619338989258, (<Action.MOVE: 2>, -1, -1)], [1, 1.0089991092681885, (<Action.MOVE: 2>, 0, 1)], [0, 0.010001897811889648, (<Action.MOVE: 2>, 0, 1)], [1, 2.232041597366333, (<Action.MOVE: 2>, 1, 1)], [0, 0.01694965362548828, (<Action.MOVE: 2>, -1, 0)], [1, 3.015965700149536, (<Action.MOVE: 2>, 1, 0)], [0, 0.014958620071411133, (<Action.MOVE: 2>, 1, 0)], [1, 2.7779603004455566, (<Action.MOVE: 2>, 1, -1)], [0, 0.013988256454467773, (<Action.MOVE: 2>, 1, 0)], [1, 2.314962863922119, (<Action.MOVE: 2>, 1, 0)]]"
winner,red
game,948
iterations,10
times of actions,"[[0, 0.007065773010253906, (<Action.MOVE: 2>, 1, 1)], [1, 1.0479562282562256, (<Action.MOVE: 2>, -1, -1)], [0, 0.008997917175292969, (<Action.MOVE: 2>, -1, 0)], [1, 1.6809449195861816, (<Action.MOVE: 2>, -1, 0)], [0, 0.006959199905395508, (<Action.MOVE: 2>, 1, 0)], [1, 1.7709994316101074, (<Action.MOVE: 2>, -1, 0)], [0, 0.009000062942504883, (<Action.MOVE: 2>, 1, -1)], [1, 2.848475694656372, (<Action.MOVE: 2>, -1, -1)], [0, 0.014291524887084961, (<Action.MOVE: 2>, 1, 1)], [1, 1.4629478454589844, (<Action.MOVE: 2>, -1, 0)]]"
winner,blue
game,949
iterations,10
times of actions,"[[0, 0.010998964309692383, (<Action.MOVE: 2>, 1, 1)], [1, 1.2750012874603271, (<Action.MOVE: 2>, -1, 1)], [0, 0.009984254837036133, (<Action.MOVE: 2>, -1, 0)], [1, 2.077000141143799, (<Action.MOVE: 2>, -1, 0)], [0, 0.008998632431030273, (<Action.MOVE: 2>, 1, -1)], [1, 2.912994384765625, (<Action.MOVE: 2>, -1, 0)], [0, 0.014022350311279297, (<Action.MOVE: 2>, 1, 0)], [1, 2.769002914428711, (<Action.MOVE: 2>, -1, -1)], [0, 0.013998270034790039, (<Action.MOVE: 2>, 1, 0)], [1, 2.0950005054473877, (<Action.MOVE: 2>, -1, 0)]]"
winner,blue
game,950
iterations,10
times of actions,"[[0, 0.006000041961669922, (<Action.MOVE: 2>, 0, -1)], [1, 1.5319883823394775, (<Action.MOVE: 2>, -1, 1)], [0, 0.014996767044067383, (<Action.MOVE: 2>, 0, -1)], [1, 1.913999080657959, (<Action.MOVE: 2>, -1, 0)], [0, 0.0070018768310546875, (<Action.MOVE: 2>, 1, 1)], [1, 2.945000410079956, (<Action.MOVE: 2>, -1, 0)], [0, 0.014000177383422852, (<Action.MOVE: 2>, 0, -1)], [1, 1.6737957000732422, (<Action.MOVE: 2>, -1, 0)], [0, 0.008019685745239258, (<Action.MOVE: 2>, 1, 0)], [1, 1.4589390754699707, (<Action.MOVE: 2>, -1, 0)]]"
winner,blue
game,951
iterations,12
times of actions,"[[0, 0.010004758834838867, (<Action.MOVE: 2>, 1, 1)], [1, 0.9319963455200195, (<Action.MOVE: 2>, -1, 1)], [0, 0.008940935134887695, (<Action.MOVE: 2>, -1, 0)], [1, 1.2699437141418457, (<Action.MOVE: 2>, 0, 1)], [0, 0.009949922561645508, (<Action.MOVE: 2>, 0, -1)], [1, 3.251966953277588, (<Action.MOVE: 2>, -1, -1)], [0, 0.015000343322753906, (<Action.MOVE: 2>, 1, 1)], [1, 1.8639981746673584, (<Action.MOVE: 2>, -1, 0)], [0, 0.008951425552368164, (<Action.MOVE: 2>, 1, 0)], [1, 1.719954490661621, (<Action.MOVE: 2>, -1, 0)], [0, 0.009005069732666016, (<Action.MOVE: 2>, 1, -1)], [1, 1.766953706741333, (<Action.MOVE: 2>, -1, 0)]]"
winner,blue
game,952
iterations,30
times of actions,"[[0, 0.009962320327758789, (<Action.MOVE: 2>, 0, 1)], [1, 2.0026209354400635, (<Action.MOVE: 2>, -1, 0)], [0, 0.01895451545715332, (<Action.MOVE: 2>, 1, 1)], [1, 2.05904483795166, (<Action.MOVE: 2>, 1, 0)], [0, 0.02000117301940918, (<Action.MOVE: 2>, 1, 1)], [1, 1.8139967918395996, (<Action.MOVE: 2>, -1, -1)], [0, 0.01595306396484375, (<Action.MOVE: 2>, 0, -1)], [1, 3.043958902359009, (<Action.MOVE: 2>, -1, 1)], [0, 0.014960289001464844, (<Action.MOVE: 2>, -1, 0)], [1, 3.570040225982666, (<Action.MOVE: 2>, 0, -1)], [0, 0.012939691543579102, (<Action.MOVE: 2>, 0, -1)], [1, 4.0169384479522705, (<Action.MOVE: 2>, -1, -1)], [0, 0.012903451919555664, (<Action.MOVE: 2>, 1, -1)], [1, 3.8676979541778564, (<Action.MOVE: 2>, 1, 0)], [0, 0.014961719512939453, (<Action.MOVE: 2>, 1, 0)], [1, 3.5467779636383057, (<Action.MOVE: 2>, 1, 0)], [0, 0.015008211135864258, (<Action.MOVE: 2>, 0, 1)], [1, 3.5540106296539307, (<Action.MOVE: 2>, 0, 1)], [0, 0.00895833969116211, (<Action.MOVE: 2>, 1, -1)], [1, 3.3849925994873047, (<Action.MOVE: 2>, -1, 1)], [0, 0.008986473083496094, (<Action.MOVE: 2>, 1, 1)], [1, 3.5530033111572266, (<Action.MOVE: 2>, -1, 0)], [0, 0.016022205352783203, (<Action.MOVE: 2>, 0, 1)], [1, 3.2439608573913574, (<Action.MOVE: 2>, -1, 0)], [0, 0.013944625854492188, (<Action.MOVE: 2>, 1, -1)], [1, 2.6209611892700195, (<Action.MOVE: 2>, -1, 0)], [0, 0.011987924575805664, (<Action.MOVE: 2>, -1, 1)], [1, 2.7809619903564453, (<Action.MOVE: 2>, -1, -1)], [0, 0.014959573745727539, (<Action.MOVE: 2>, -1, 0)], [1, 3.2429850101470947, (<Action.MOVE: 2>, -1, 0)]]"
winner,blue
game,953
iterations,11
times of actions,"[[1, 2.2970006465911865, (<Action.MOVE: 2>, 0, -1)], [0, 0.00999593734741211, (<Action.MOVE: 2>, 0, -1)], [1, 2.631959915161133, (<Action.MOVE: 2>, 0, 1)], [0, 0.01799798011779785, (<Action.MOVE: 2>, 0, -1)], [1, 1.9459655284881592, (<Action.MOVE: 2>, 1, -1)], [0, 0.01599740982055664, (<Action.MOVE: 2>, -1, 0)], [1, 3.400019407272339, (<Action.MOVE: 2>, 1, 0)], [0, 0.014957904815673828, (<Action.MOVE: 2>, -1, -1)], [1, 1.95595121383667, (<Action.MOVE: 2>, 1, -1)], [0, 0.008999824523925781, (<Action.MOVE: 2>, -1, -1)], [0, 0.008998632431030273, (<Action.MOVE: 2>, -1, 0)], [1, 1.5230019092559814, (<Action.MOVE: 2>, 1, 0)]]"
winner,red
game,954
iterations,14
times of actions,"[[0, 0.0060002803802490234, (<Action.MOVE: 2>, 1, 0)], [1, 0.5660049915313721, (<Action.MOVE: 2>, 0, 1)], [0, 0.01100015640258789, (<Action.MOVE: 2>, 1, 1)], [1, 1.7939510345458984, (<Action.MOVE: 2>, -1, 1)], [0, 0.015001296997070312, (<Action.MOVE: 2>, -1, 0)], [1, 2.4090070724487305, (<Action.MOVE: 2>, 0, 1)], [0, 0.017021894454956055, (<Action.MOVE: 2>, 1, -1)], [1, 2.4739484786987305, (<Action.MOVE: 2>, -1, 0)], [0, 0.007999181747436523, (<Action.MOVE: 2>, 0, 1)], [1, 3.3579437732696533, (<Action.MOVE: 2>, -1, 0)], [0, 0.015045881271362305, (<Action.MOVE: 2>, 1, -1)], [1, 1.7660043239593506, (<Action.MOVE: 2>, -1, -1)], [0, 0.00900125503540039, (<Action.MOVE: 2>, 0, 1)], [1, 2.412005662918091, (<Action.MOVE: 2>, -1, 0)]]"
winner,blue
game,955
iterations,11
times of actions,"[[0, 0.007951021194458008, (<Action.MOVE: 2>, 1, 0)], [1, 2.581963539123535, (<Action.MOVE: 2>, -1, 1)], [0, 0.020033836364746094, (<Action.MOVE: 2>, 0, 1)], [1, 4.207081079483032, (<Action.MOVE: 2>, 1, 0)], [0, 0.015961885452270508, (<Action.MOVE: 2>, -1, 0)], [1, 3.5257060527801514, (<Action.MOVE: 2>, 0, -1)], [0, 0.010957956314086914, (<Action.MOVE: 2>, 1, 0)], [1, 4.300961494445801, (<Action.MOVE: 2>, -1, -1)], [0, 0.014957427978515625, (<Action.MOVE: 2>, 0, -1)], [1, 4.386956453323364, (<Action.MOVE: 2>, 1, 0)], [0, 0.015991926193237305, (<Action.MOVE: 2>, 0, 1)], [1, 4.344964981079102, (<Action.MOVE: 2>, -1, 0)]]"
winner,none
game,956
iterations,11
times of actions,"[[1, 0.7799756526947021, (<Action.MOVE: 2>, 1, 0)], [0, 0.006966590881347656, (<Action.MOVE: 2>, 0, 1)], [1, 1.7439653873443604, (<Action.MOVE: 2>, 1, 0)], [0, 0.016971826553344727, (<Action.MOVE: 2>, 0, -1)], [1, 1.1699464321136475, (<Action.MOVE: 2>, 1, 1)], [0, 0.01195526123046875, (<Action.MOVE: 2>, -1, -1)], [0, 0.011001348495483398, (<Action.MOVE: 2>, -1, 1)], [1, 3.0289506912231445, (<Action.MOVE: 2>, 1, 0)], [0, 0.014000415802001953, (<Action.MOVE: 2>, -1, -1)], [1, 1.7509965896606445, (<Action.MOVE: 2>, 1, -1)], [0, 0.008999347686767578, (<Action.MOVE: 2>, 1, 0)], [1, 1.5149493217468262, (<Action.MOVE: 2>, 1, 0)]]"
winner,red
game,957
iterations,9
times of actions,"[[1, 1.6000354290008545, (<Action.MOVE: 2>, 1, 0)], [0, 0.009998559951782227, (<Action.MOVE: 2>, -1, -1)], [1, 3.0559470653533936, (<Action.MOVE: 2>, 1, 0)], [0, 0.02195882797241211, (<Action.MOVE: 2>, -1, -1)], [1, 2.6299455165863037, (<Action.MOVE: 2>, 0, -1)], [0, 0.01595449447631836, (<Action.MOVE: 2>, 1, 0)], [1, 3.053957223892212, (<Action.MOVE: 2>, 1, -1)], [0, 0.012984752655029297, (<Action.MOVE: 2>, -1, -1)], [1, 3.2969470024108887, <Action.KICK: 1>]]"
winner,red
game,958
iterations,10
times of actions,"[[0, 0.00800013542175293, (<Action.MOVE: 2>, 0, -1)], [1, 1.6509792804718018, (<Action.MOVE: 2>, -1, 0)], [0, 0.013961553573608398, (<Action.MOVE: 2>, 0, -1)], [1, 1.994004249572754, (<Action.MOVE: 2>, -1, 0)], [0, 0.006968498229980469, (<Action.MOVE: 2>, 1, 1)], [1, 3.0629541873931885, (<Action.MOVE: 2>, -1, 0)], [0, 0.014955520629882812, (<Action.MOVE: 2>, 1, -1)], [1, 1.7539615631103516, (<Action.MOVE: 2>, -1, 0)], [0, 0.00800013542175293, (<Action.MOVE: 2>, 1, 1)], [1, 2.380960464477539, (<Action.MOVE: 2>, -1, 0)]]"
winner,blue
game,959
iterations,7
times of actions,"[[1, 2.0680019855499268, (<Action.MOVE: 2>, 1, 0)], [0, 0.009958505630493164, (<Action.MOVE: 2>, -1, 0)], [1, 3.035998582839966, (<Action.MOVE: 2>, 1, 0)], [0, 0.014000177383422852, (<Action.MOVE: 2>, 0, -1)], [1, 1.7349987030029297, (<Action.MOVE: 2>, 1, -1)], [0, 0.009955644607543945, (<Action.MOVE: 2>, 1, 0)], [1, 1.633000373840332, (<Action.MOVE: 2>, 1, 0)]]"
winner,red
game,960
iterations,13
times of actions,"[[1, 1.180999994277954, (<Action.MOVE: 2>, 1, 0)], [0, 0.009995222091674805, (<Action.MOVE: 2>, -1, 1)], [1, 0.9209585189819336, (<Action.MOVE: 2>, 0, 1)], [0, 0.008956670761108398, (<Action.MOVE: 2>, 1, 0)], [1, 1.0769634246826172, (<Action.MOVE: 2>, 1, 0)], [0, 0.010036945343017578, (<Action.MOVE: 2>, -1, 0)], [1, 1.2489910125732422, (<Action.MOVE: 2>, 1, 1)], [0, 0.009965896606445312, (<Action.MOVE: 2>, 0, -1)], [1, 2.987997055053711, (<Action.MOVE: 2>, 1, 0)], [0, 0.01499485969543457, (<Action.MOVE: 2>, 0, 1)], [1, 1.7549645900726318, (<Action.MOVE: 2>, 1, -1)], [0, 0.009051322937011719, (<Action.MOVE: 2>, 0, -1)], [1, 2.4030025005340576, (<Action.MOVE: 2>, 1, 0)]]"
winner,red
game,961
iterations,9
times of actions,"[[1, 1.6019947528839111, (<Action.MOVE: 2>, 1, 0)], [0, 0.010006427764892578, (<Action.MOVE: 2>, 0, 1)], [1, 1.039947509765625, (<Action.MOVE: 2>, 1, -1)], [0, 0.009958744049072266, (<Action.MOVE: 2>, 1, 0)], [1, 1.6079628467559814, (<Action.MOVE: 2>, 1, 0)], [0, 0.0069959163665771484, (<Action.MOVE: 2>, -1, -1)], [1, 2.714961528778076, (<Action.MOVE: 2>, 1, -1)], [0, 0.01496124267578125, (<Action.MOVE: 2>, 0, -1)], [1, 2.554957389831543, (<Action.MOVE: 2>, 1, 0)]]"
winner,red
game,962
iterations,12
times of actions,"[[0, 0.010003328323364258, (<Action.MOVE: 2>, 1, 0)], [1, 1.8309996128082275, (<Action.MOVE: 2>, -1, 0)], [0, 0.01800084114074707, (<Action.MOVE: 2>, 1, 1)], [1, 1.2129426002502441, (<Action.MOVE: 2>, 0, -1)], [0, 0.010003089904785156, (<Action.MOVE: 2>, 1, -1)], [1, 3.055999517440796, (<Action.MOVE: 2>, -1, -1)], [0, 0.014947891235351562, (<Action.MOVE: 2>, 0, -1)], [1, 3.137995719909668, (<Action.MOVE: 2>, -1, 0)], [0, 0.016992807388305664, (<Action.MOVE: 2>, 1, 1)], [1, 2.300997495651245, (<Action.MOVE: 2>, -1, 0)], [0, 0.011999368667602539, (<Action.MOVE: 2>, -1, 0)], [1, 2.1950011253356934, (<Action.MOVE: 2>, -1, 0)]]"
winner,blue
game,963
iterations,10
times of actions,"[[0, 0.0030019283294677734, (<Action.MOVE: 2>, 1, 1)], [1, 1.970994472503662, (<Action.MOVE: 2>, -1, 1)], [0, 0.02000284194946289, (<Action.MOVE: 2>, 0, -1)], [1, 2.238992929458618, (<Action.MOVE: 2>, -1, 0)], [0, 0.008997678756713867, (<Action.MOVE: 2>, 1, 1)], [1, 3.155039072036743, (<Action.MOVE: 2>, -1, 0)], [0, 0.015942811965942383, (<Action.MOVE: 2>, 1, 0)], [1, 2.8509409427642822, (<Action.MOVE: 2>, -1, -1)], [0, 0.014000654220581055, (<Action.MOVE: 2>, 1, 0)], [1, 2.4089624881744385, (<Action.MOVE: 2>, -1, 0)]]"
winner,blue
game,964
iterations,7
times of actions,"[[1, 1.2170336246490479, (<Action.MOVE: 2>, 1, 1)], [0, 0.00593876838684082, (<Action.MOVE: 2>, -1, -1)], [0, 0.011999845504760742, (<Action.MOVE: 2>, -1, 0)], [1, 2.0086398124694824, (<Action.MOVE: 2>, 1, 0)], [0, 0.009955883026123047, (<Action.MOVE: 2>, -1, 1)], [1, 2.8780088424682617, (<Action.MOVE: 2>, 1, -1)], [0, 0.014954090118408203, (<Action.MOVE: 2>, -1, 1)], [1, 2.5129549503326416, (<Action.MOVE: 2>, 1, 0)]]"
winner,red
game,965
iterations,11
times of actions,"[[1, 1.0529427528381348, (<Action.MOVE: 2>, 0, 1)], [0, 0.009961366653442383, (<Action.MOVE: 2>, 0, -1)], [1, 1.5279574394226074, (<Action.MOVE: 2>, 1, 1)], [0, 0.01599907875061035, (<Action.MOVE: 2>, -1, 0)], [1, 2.0510430335998535, (<Action.MOVE: 2>, 0, 1)], [0, 0.01696014404296875, (<Action.MOVE: 2>, -1, 0)], [1, 3.398956537246704, (<Action.MOVE: 2>, 1, 0)], [0, 0.01501917839050293, (<Action.MOVE: 2>, 1, 0)], [1, 2.9520063400268555, (<Action.MOVE: 2>, 1, -1)], [0, 0.014960289001464844, (<Action.MOVE: 2>, -1, -1)], [1, 1.5399994850158691, (<Action.MOVE: 2>, 1, 0)]]"
winner,red
game,966
iterations,7
times of actions,"[[1, 2.085031747817993, (<Action.MOVE: 2>, 1, 0)], [0, 0.01000070571899414, (<Action.MOVE: 2>, -1, 0)], [1, 3.0929980278015137, (<Action.MOVE: 2>, 1, 0)], [0, 0.014953851699829102, (<Action.MOVE: 2>, 0, -1)], [1, 1.7839610576629639, (<Action.MOVE: 2>, 1, -1)], [0, 0.008985280990600586, (<Action.MOVE: 2>, -1, 0)], [1, 1.5309562683105469, (<Action.MOVE: 2>, 1, 0)]]"
winner,red
game,967
iterations,10
times of actions,"[[0, 0.00700688362121582, (<Action.MOVE: 2>, 0, 1)], [1, 2.001948833465576, (<Action.MOVE: 2>, -1, 1)], [0, 0.012996912002563477, (<Action.MOVE: 2>, 0, -1)], [1, 3.3960413932800293, (<Action.MOVE: 2>, -1, 1)], [0, 0.011012077331542969, (<Action.MOVE: 2>, 1, -1)], [1, 3.2549633979797363, (<Action.MOVE: 2>, -1, 0)], [0, 0.014993429183959961, (<Action.MOVE: 2>, 1, 0)], [1, 3.131943464279175, (<Action.MOVE: 2>, -1, -1)], [0, 0.014960289001464844, (<Action.MOVE: 2>, 1, -1)], [1, 1.5429677963256836, (<Action.MOVE: 2>, -1, 0)]]"
winner,blue
game,968
iterations,11
times of actions,"[[1, 2.408992290496826, (<Action.MOVE: 2>, 0, 1)], [0, 0.009997367858886719, (<Action.MOVE: 2>, 0, 1)], [1, 2.0690011978149414, (<Action.MOVE: 2>, 0, -1)], [0, 0.01896190643310547, (<Action.MOVE: 2>, 0, 1)], [1, 1.2709569931030273, (<Action.MOVE: 2>, 1, 0)], [0, 0.009957551956176758, (<Action.MOVE: 2>, -1, 1)], [0, 0.009041309356689453, (<Action.MOVE: 2>, -1, 1)], [0, 0.010000944137573242, (<Action.MOVE: 2>, 1, 0)], [1, 1.4780011177062988, (<Action.MOVE: 2>, 1, 0)], [0, 0.007995128631591797, (<Action.MOVE: 2>, -1, -1)], [1, 2.8499953746795654, (<Action.MOVE: 2>, 1, -1)], [0, 0.014959335327148438, (<Action.MOVE: 2>, -1, 1)], [1, 1.7179582118988037, (<Action.MOVE: 2>, 1, 0)]]"
winner,red
game,969
iterations,10
times of actions,"[[0, 0.011997222900390625, (<Action.MOVE: 2>, 0, -1)], [1, 1.3929972648620605, (<Action.MOVE: 2>, -1, 0)], [0, 0.008941173553466797, (<Action.MOVE: 2>, -1, 0)], [1, 2.217982053756714, (<Action.MOVE: 2>, -1, 0)], [0, 0.008958816528320312, (<Action.MOVE: 2>, 1, 1)], [1, 3.0749614238739014, (<Action.MOVE: 2>, -1, 0)], [0, 0.014953136444091797, (<Action.MOVE: 2>, 0, -1)], [1, 1.9859988689422607, (<Action.MOVE: 2>, -1, 0)], [0, 0.009000062942504883, (<Action.MOVE: 2>, 0, 1)], [1, 2.3910021781921387, (<Action.MOVE: 2>, -1, 0)]]"
winner,blue
game,970
iterations,11
times of actions,"[[1, 2.412956953048706, (<Action.MOVE: 2>, 0, 1)], [0, 0.010959148406982422, (<Action.MOVE: 2>, 0, 1)], [1, 1.7959620952606201, (<Action.MOVE: 2>, 0, -1)], [0, 0.016963720321655273, (<Action.MOVE: 2>, 0, 1)], [1, 1.2159607410430908, (<Action.MOVE: 2>, 1, 0)], [0, 0.009005069732666016, (<Action.MOVE: 2>, 0, -1)], [1, 2.9619829654693604, (<Action.MOVE: 2>, 1, -1)], [0, 0.015959501266479492, (<Action.MOVE: 2>, 1, 0)], [1, 2.12004017829895, (<Action.MOVE: 2>, 1, 0)], [0, 0.011979341506958008, (<Action.MOVE: 2>, -1, 0)], [1, 2.480957269668579, (<Action.MOVE: 2>, 1, 0)]]"
winner,red
game,971
iterations,14
times of actions,"[[0, 0.010984420776367188, (<Action.MOVE: 2>, 0, 1)], [1, 0.8820013999938965, (<Action.MOVE: 2>, 0, 1)], [0, 0.01896977424621582, (<Action.MOVE: 2>, 0, 1)], [1, 0.907956600189209, (<Action.MOVE: 2>, -1, 1)], [0, 0.009957313537597656, (<Action.MOVE: 2>, -1, 0)], [1, 0.9740011692047119, (<Action.MOVE: 2>, 0, 1)], [0, 0.0069561004638671875, (<Action.MOVE: 2>, 1, 0)], [1, 2.093984603881836, (<Action.MOVE: 2>, -1, 0)], [0, 0.009000301361083984, (<Action.MOVE: 2>, 0, -1)], [1, 2.9419517517089844, (<Action.MOVE: 2>, -1, -1)], [0, 0.014957904815673828, (<Action.MOVE: 2>, 0, 1)], [1, 1.6209461688995361, (<Action.MOVE: 2>, -1, 0)], [0, 0.008959293365478516, (<Action.MOVE: 2>, 0, -1)], [1, 2.271958351135254, (<Action.MOVE: 2>, -1, 0)]]"
winner,blue
game,972
iterations,13
times of actions,"[[1, 1.0487284660339355, (<Action.MOVE: 2>, 0, 1)], [0, 0.010976314544677734, (<Action.MOVE: 2>, -1, 1)], [1, 1.675959587097168, (<Action.MOVE: 2>, 0, 1)], [0, 0.016992568969726562, (<Action.MOVE: 2>, -1, -1)], [1, 2.471005439758301, (<Action.MOVE: 2>, 0, 1)], [0, 0.014956474304199219, (<Action.MOVE: 2>, -1, -1)], [1, 2.0719993114471436, (<Action.MOVE: 2>, 1, 1)], [0, 0.013998985290527344, (<Action.MOVE: 2>, 0, -1)], [1, 2.724003314971924, (<Action.MOVE: 2>, 1, 0)], [0, 0.014002561569213867, (<Action.MOVE: 2>, 1, 0)], [1, 2.7500014305114746, (<Action.MOVE: 2>, 1, -1)], [0, 0.014037132263183594, (<Action.MOVE: 2>, 1, 0)], [1, 2.3070058822631836, (<Action.MOVE: 2>, 1, 0)]]"
winner,red
game,973
iterations,10
times of actions,"[[0, 0.008391857147216797, (<Action.MOVE: 2>, 1, 0)], [1, 2.1874802112579346, (<Action.MOVE: 2>, -1, 1)], [0, 0.01898813247680664, (<Action.MOVE: 2>, 0, 1)], [1, 3.4399425983428955, (<Action.MOVE: 2>, -1, -1)], [0, 0.014970779418945312, (<Action.MOVE: 2>, 0, -1)], [1, 3.299999713897705, (<Action.MOVE: 2>, -1, -1)], [0, 0.014001131057739258, (<Action.MOVE: 2>, 1, 0)], [1, 3.1470425128936768, (<Action.MOVE: 2>, -1, 1)], [0, 0.01495504379272461, (<Action.MOVE: 2>, 1, 0)], [1, 2.583949327468872, (<Action.MOVE: 2>, -1, 0)]]"
winner,blue
game,974
iterations,13
times of actions,"[[1, 0.7689640522003174, (<Action.MOVE: 2>, 1, 1)], [0, 0.009953022003173828, (<Action.MOVE: 2>, 0, 1)], [1, 1.535961389541626, (<Action.MOVE: 2>, 1, 1)], [0, 0.01803731918334961, (<Action.MOVE: 2>, -1, 0)], [1, 2.0929510593414307, (<Action.MOVE: 2>, 0, 1)], [0, 0.01698899269104004, (<Action.MOVE: 2>, -1, 1)], [1, 1.4200024604797363, (<Action.MOVE: 2>, 1, 0)], [0, 0.010999679565429688, (<Action.MOVE: 2>, -1, 1)], [0, 0.011005640029907227, (<Action.MOVE: 2>, -1, 1)], [0, 0.010950326919555664, (<Action.MOVE: 2>, -1, -1)], [1, 2.794006109237671, (<Action.MOVE: 2>, 1, 0)], [0, 0.014996528625488281, (<Action.MOVE: 2>, -1, 0)], [1, 2.090952157974243, (<Action.MOVE: 2>, 1, -1)], [0, 0.010955095291137695, (<Action.MOVE: 2>, 1, -1)], [1, 2.4179582595825195, (<Action.MOVE: 2>, 1, 0)]]"
winner,red
game,975
iterations,11
times of actions,"[[1, 1.2680010795593262, (<Action.MOVE: 2>, 1, 0)], [0, 0.009001016616821289, (<Action.MOVE: 2>, -1, 0)], [1, 1.7540013790130615, (<Action.MOVE: 2>, 1, 0)], [0, 0.015996694564819336, (<Action.MOVE: 2>, 0, -1)], [1, 1.2839634418487549, (<Action.MOVE: 2>, 1, 0)], [0, 0.009934663772583008, (<Action.MOVE: 2>, -1, 1)], [1, 2.9989843368530273, (<Action.MOVE: 2>, 1, 0)], [0, 0.014956951141357422, (<Action.MOVE: 2>, 1, 0)], [1, 2.9529495239257812, (<Action.MOVE: 2>, 1, -1)], [0, 0.013960838317871094, (<Action.MOVE: 2>, -1, 0)], [1, 2.3650002479553223, (<Action.MOVE: 2>, 1, 0)]]"
winner,red
game,976
iterations,9
times of actions,"[[1, 0.8459994792938232, (<Action.MOVE: 2>, 1, 1)], [0, 0.0060002803802490234, (<Action.MOVE: 2>, 1, 0)], [1, 0.9350020885467529, (<Action.MOVE: 2>, 1, 1)], [0, 0.008538961410522461, (<Action.MOVE: 2>, -1, -1)], [0, 0.008955955505371094, (<Action.MOVE: 2>, -1, -1)], [0, 0.010124921798706055, (<Action.MOVE: 2>, -1, -1)], [0, 0.008638381958007812, (<Action.MOVE: 2>, -1, -1)], [0, 0.008000373840332031, (<Action.MOVE: 2>, -1, -1)], [0, 0.008041143417358398, (<Action.MOVE: 2>, -1, -1)], [0, 0.009997367858886719, (<Action.MOVE: 2>, -1, 0)], [1, 1.844961166381836, (<Action.MOVE: 2>, 1, 0)], [0, 0.009956836700439453, (<Action.MOVE: 2>, -1, -1)], [0, 0.010003089904785156, (<Action.MOVE: 2>, -1, -1)], [0, 0.009994983673095703, (<Action.MOVE: 2>, 0, 1)], [1, 2.7399861812591553, (<Action.MOVE: 2>, 1, 0)], [0, 0.014386653900146484, (<Action.MOVE: 2>, 1, 0)], [1, 1.8375074863433838, (<Action.MOVE: 2>, 1, 0)]]"
winner,red
game,977
iterations,11
times of actions,"[[1, 0.805999755859375, (<Action.MOVE: 2>, 0, 1)], [0, 0.010000228881835938, (<Action.MOVE: 2>, -1, -1)], [1, 0.873558521270752, (<Action.MOVE: 2>, 1, 1)], [0, 0.009999752044677734, (<Action.MOVE: 2>, -1, -1)], [0, 0.010998964309692383, (<Action.MOVE: 2>, 0, 1)], [1, 2.2101235389709473, (<Action.MOVE: 2>, 1, 1)], [0, 0.01600027084350586, (<Action.MOVE: 2>, -1, 0)], [1, 3.0100038051605225, (<Action.MOVE: 2>, 1, 0)], [0, 0.016048431396484375, (<Action.MOVE: 2>, -1, -1)], [1, 1.5690476894378662, (<Action.MOVE: 2>, 1, -1)], [0, 0.008999347686767578, (<Action.MOVE: 2>, -1, 1)], [1, 1.7770435810089111, (<Action.MOVE: 2>, 1, 0)]]"
winner,red
game,978
iterations,16
times of actions,"[[0, 0.002965211868286133, (<Action.MOVE: 2>, 1, 1)], [1, 0.8130075931549072, (<Action.MOVE: 2>, 0, 1)], [0, 0.016999244689941406, (<Action.MOVE: 2>, 0, 1)], [1, 1.616044282913208, (<Action.MOVE: 2>, 1, 0)], [0, 0.016000032424926758, (<Action.MOVE: 2>, 0, -1)], [1, 1.092003583908081, (<Action.MOVE: 2>, -1, 1)], [0, 0.015999317169189453, (<Action.MOVE: 2>, 0, -1)], [1, 1.1880450248718262, (<Action.MOVE: 2>, -1, 1)], [0, 0.009053468704223633, (<Action.MOVE: 2>, 1, 1)], [1, 3.3790018558502197, (<Action.MOVE: 2>, -1, 0)], [0, 0.015004158020019531, (<Action.MOVE: 2>, 0, -1)], [1, 2.045003890991211, (<Action.MOVE: 2>, -1, 0)], [0, 0.007999658584594727, (<Action.MOVE: 2>, 1, 1)], [1, 2.7180588245391846, (<Action.MOVE: 2>, -1, -1)], [0, 0.013999462127685547, (<Action.MOVE: 2>, 0, -1)], [1, 1.4610247611999512, (<Action.MOVE: 2>, -1, 0)]]"
winner,blue
game,979
iterations,21
times of actions,"[[1, 1.308896541595459, (<Action.MOVE: 2>, 1, 0)], [0, 0.009999752044677734, (<Action.MOVE: 2>, -1, 0)], [1, 2.635070562362671, (<Action.MOVE: 2>, 0, 1)], [0, 0.023000001907348633, (<Action.MOVE: 2>, -1, 0)], [1, 2.837005138397217, (<Action.MOVE: 2>, 1, 1)], [0, 0.015003442764282227, (<Action.MOVE: 2>, 1, 0)], [1, 4.0650365352630615, (<Action.MOVE: 2>, 0, -1)], [0, 0.014997005462646484, (<Action.MOVE: 2>, 0, -1)], [1, 3.970118522644043, (<Action.MOVE: 2>, 0, 1)], [0, 0.009959936141967773, (<Action.MOVE: 2>, -1, 1)], [1, 3.7440435886383057, (<Action.MOVE: 2>, 0, 1)], [0, 0.014000177383422852, (<Action.MOVE: 2>, -1, -1)], [1, 3.423041820526123, (<Action.MOVE: 2>, 1, 0)], [0, 0.014999866485595703, (<Action.MOVE: 2>, 0, -1)], [1, 2.173038959503174, (<Action.MOVE: 2>, 1, 0)], [0, 0.010040760040283203, (<Action.MOVE: 2>, -1, 0)], [1, 1.7769548892974854, (<Action.MOVE: 2>, 1, 0)], [0, 0.012999773025512695, (<Action.MOVE: 2>, -1, 1)], [1, 2.2290446758270264, (<Action.MOVE: 2>, 1, -1)], [0, 0.00999903678894043, (<Action.MOVE: 2>, 1, 0)], [1, 2.1640422344207764, (<Action.MOVE: 2>, 1, 0)]]"
winner,red
game,980
iterations,9
times of actions,"[[1, 0.8590047359466553, (<Action.MOVE: 2>, 1, 1)], [0, 0.004999399185180664, (<Action.MOVE: 2>, -1, -1)], [0, 0.009999275207519531, (<Action.MOVE: 2>, -1, 0)], [1, 1.2240443229675293, (<Action.MOVE: 2>, 1, 1)], [0, 0.010003805160522461, (<Action.MOVE: 2>, 1, 0)], [1, 1.8630037307739258, (<Action.MOVE: 2>, 1, 0)], [0, 0.010000467300415039, (<Action.MOVE: 2>, -1, 1)], [1, 2.797039747238159, (<Action.MOVE: 2>, 1, -1)], [0, 0.015058040618896484, (<Action.MOVE: 2>, -1, -1)], [1, 1.470003604888916, (<Action.MOVE: 2>, 1, 0)]]"
winner,red
game,981
iterations,9
times of actions,"[[1, 1.505995750427246, (<Action.MOVE: 2>, 1, 1)], [0, 0.010003089904785156, (<Action.MOVE: 2>, -1, 0)], [1, 2.1470041275024414, (<Action.MOVE: 2>, 0, 1)], [0, 0.018999576568603516, (<Action.MOVE: 2>, -1, 0)], [1, 3.0670433044433594, (<Action.MOVE: 2>, 1, 0)], [0, 0.014000654220581055, (<Action.MOVE: 2>, 1, 0)], [1, 2.7759995460510254, (<Action.MOVE: 2>, 1, -1)], [0, 0.014000177383422852, (<Action.MOVE: 2>, -1, 0)], [1, 2.3520450592041016, (<Action.MOVE: 2>, 1, 0)]]"
winner,red
game,982
iterations,13
times of actions,"[[1, 0.7560074329376221, (<Action.MOVE: 2>, 1, 1)], [0, 0.010000228881835938, (<Action.MOVE: 2>, -1, -1)], [1, 1.4940025806427002, (<Action.MOVE: 2>, 1, 0)], [0, 0.016000986099243164, (<Action.MOVE: 2>, -1, 0)], [1, 1.547041893005371, (<Action.MOVE: 2>, 1, 1)], [0, 0.015000343322753906, (<Action.MOVE: 2>, 1, 0)], [1, 1.9510033130645752, (<Action.MOVE: 2>, 0, 1)], [0, 0.01700568199157715, (<Action.MOVE: 2>, -1, 0)], [1, 3.298048734664917, (<Action.MOVE: 2>, 1, 0)], [0, 0.014999151229858398, (<Action.MOVE: 2>, 0, -1)], [1, 1.7600324153900146, (<Action.MOVE: 2>, 1, -1)], [0, 0.008999347686767578, (<Action.MOVE: 2>, 1, 0)], [1, 1.4390418529510498, (<Action.MOVE: 2>, 1, 0)]]"
winner,red
game,983
iterations,10
times of actions,"[[0, 0.01195979118347168, (<Action.MOVE: 2>, 1, 1)], [1, 1.801598310470581, (<Action.MOVE: 2>, -1, -1)], [0, 0.01703667640686035, (<Action.MOVE: 2>, 1, 0)], [1, 3.0037178993225098, (<Action.MOVE: 2>, -1, -1)], [0, 0.015004158020019531, (<Action.MOVE: 2>, 0, 1)], [1, 1.6880035400390625, (<Action.MOVE: 2>, -1, 0)], [0, 0.008955240249633789, (<Action.MOVE: 2>, 1, -1)], [1, 2.062040328979492, (<Action.MOVE: 2>, -1, 0)], [0, 0.013000249862670898, (<Action.MOVE: 2>, -1, -1)], [1, 2.484041452407837, (<Action.MOVE: 2>, -1, 0)]]"
winner,blue
game,984
iterations,9
times of actions,"[[1, 1.8360505104064941, (<Action.MOVE: 2>, 1, 0)], [0, 0.009999275207519531, (<Action.MOVE: 2>, 0, -1)], [1, 1.716987133026123, (<Action.MOVE: 2>, 1, -1)], [0, 0.017006397247314453, (<Action.MOVE: 2>, -1, 0)], [1, 3.1360466480255127, (<Action.MOVE: 2>, 1, 0)], [0, 0.013880729675292969, (<Action.MOVE: 2>, 0, -1)], [1, 1.7540013790130615, (<Action.MOVE: 2>, 1, -1)], [0, 0.010003328323364258, (<Action.MOVE: 2>, 1, 0)], [1, 1.4590442180633545, (<Action.MOVE: 2>, 1, 0)]]"
winner,red
game,985
iterations,14
times of actions,"[[0, 0.007945060729980469, (<Action.MOVE: 2>, 1, 1)], [1, 1.6344239711761475, (<Action.MOVE: 2>, 0, 1)], [0, 0.01914215087890625, (<Action.MOVE: 2>, 1, 1)], [1, 2.061953067779541, (<Action.MOVE: 2>, 0, 1)], [0, 0.014993906021118164, (<Action.MOVE: 2>, 0, 1)], [1, 1.3049585819244385, (<Action.MOVE: 2>, -1, 0)], [0, 0.009001493453979492, (<Action.MOVE: 2>, -1, 0)], [1, 2.3030431270599365, (<Action.MOVE: 2>, -1, 0)], [0, 0.009957313537597656, (<Action.MOVE: 2>, 0, -1)], [1, 2.9439585208892822, (<Action.MOVE: 2>, -1, -1)], [0, 0.01496124267578125, (<Action.MOVE: 2>, 1, 1)], [1, 1.7019927501678467, (<Action.MOVE: 2>, -1, 0)], [0, 0.007999420166015625, (<Action.MOVE: 2>, 1, -1)], [1, 2.3149571418762207, (<Action.MOVE: 2>, -1, 0)]]"
winner,blue
game,986
iterations,7
times of actions,"[[1, 1.1800003051757812, (<Action.MOVE: 2>, 1, 1)], [0, 0.005957126617431641, (<Action.MOVE: 2>, 0, 1)], [1, 2.9989588260650635, (<Action.MOVE: 2>, 1, 0)], [0, 0.014956474304199219, (<Action.MOVE: 2>, 0, -1)], [1, 1.7050015926361084, (<Action.MOVE: 2>, 1, -1)], [0, 0.008954048156738281, (<Action.MOVE: 2>, 1, 0)], [1, 1.2370049953460693, (<Action.MOVE: 2>, 1, 0)]]"
winner,red
game,987
iterations,18
times of actions,"[[0, 0.006997585296630859, (<Action.MOVE: 2>, 0, 1)], [1, 0.9459977149963379, (<Action.MOVE: 2>, 0, 1)], [0, 0.019942760467529297, (<Action.MOVE: 2>, 0, 1)], [1, 1.6329314708709717, (<Action.MOVE: 2>, 1, 0)], [0, 0.014997005462646484, (<Action.MOVE: 2>, 0, 1)], [1, 1.2729623317718506, (<Action.MOVE: 2>, -1, 1)], [0, 0.01800370216369629, (<Action.MOVE: 2>, 1, 1)], [1, 2.080965042114258, (<Action.MOVE: 2>, 0, 1)], [0, 0.017021656036376953, (<Action.MOVE: 2>, 0, 1)], [1, 1.3229656219482422, (<Action.MOVE: 2>, -1, 0)], [0, 0.008980989456176758, (<Action.MOVE: 2>, -1, 0)], [1, 2.1079535484313965, (<Action.MOVE: 2>, -1, 0)], [0, 0.00995492935180664, (<Action.MOVE: 2>, 1, -1)], [1, 2.977954864501953, (<Action.MOVE: 2>, -1, 0)], [0, 0.01495218276977539, (<Action.MOVE: 2>, 1, 0)], [1, 2.7719290256500244, (<Action.MOVE: 2>, -1, -1)], [0, 0.013999700546264648, (<Action.MOVE: 2>, 1, 0)], [1, 2.357959508895874, (<Action.MOVE: 2>, -1, 0)]]"
winner,blue
game,988
iterations,13
times of actions,"[[1, 1.177001953125, (<Action.MOVE: 2>, 1, 0)], [0, 0.00998997688293457, (<Action.MOVE: 2>, -1, 1)], [1, 0.9339513778686523, (<Action.MOVE: 2>, 0, 1)], [0, 0.009963035583496094, (<Action.MOVE: 2>, -1, 1)], [0, 0.00899958610534668, (<Action.MOVE: 2>, 1, 0)], [1, 1.0770001411437988, (<Action.MOVE: 2>, 1, 0)], [0, 0.011940240859985352, (<Action.MOVE: 2>, 1, 0)], [1, 0.9589605331420898, (<Action.MOVE: 2>, 1, 1)], [0, 0.006999015808105469, (<Action.MOVE: 2>, 0, -1)], [1, 2.2929983139038086, (<Action.MOVE: 2>, 1, -1)], [0, 0.011958837509155273, (<Action.MOVE: 2>, 0, 1)], [1, 1.3289988040924072, (<Action.MOVE: 2>, 1, 0)], [0, 0.007960319519042969, (<Action.MOVE: 2>, 0, -1)], [1, 1.8589587211608887, (<Action.MOVE: 2>, 1, 0)]]"
winner,red
game,989
iterations,10
times of actions,"[[0, 0.0050008296966552734, (<Action.MOVE: 2>, 0, 1)], [1, 1.9659671783447266, (<Action.MOVE: 2>, -1, 1)], [0, 0.018996715545654297, (<Action.MOVE: 2>, 0, 1)], [1, 4.179884910583496, (<Action.MOVE: 2>, -1, 1)], [0, 0.014001607894897461, (<Action.MOVE: 2>, -1, 0)], [1, 3.2190773487091064, (<Action.MOVE: 2>, -1, 0)], [0, 0.011013269424438477, (<Action.MOVE: 2>, 1, -1)], [1, 2.8589413166046143, (<Action.MOVE: 2>, -1, -1)], [0, 0.01503610610961914, (<Action.MOVE: 2>, 0, -1)], [1, 1.432952880859375, (<Action.MOVE: 2>, -1, 0)]]"
winner,blue
game,990
iterations,9
times of actions,"[[1, 1.3229999542236328, (<Action.MOVE: 2>, 1, -1)], [0, 0.008998870849609375, (<Action.MOVE: 2>, 1, 0)], [1, 1.5990397930145264, (<Action.MOVE: 2>, 1, 0)], [0, 0.014960527420043945, (<Action.MOVE: 2>, 0, 1)], [1, 1.8579936027526855, (<Action.MOVE: 2>, 1, 0)], [0, 0.01299595832824707, (<Action.MOVE: 2>, 0, -1)], [1, 3.3789968490600586, (<Action.MOVE: 2>, 1, 1)], [0, 0.013951778411865234, (<Action.MOVE: 2>, 0, 1)], [1, 2.6749608516693115, <Action.KICK: 1>]]"
winner,red
game,991
iterations,14
times of actions,"[[0, 0.010999679565429688, (<Action.MOVE: 2>, -1, 0)], [1, 0.9449617862701416, (<Action.MOVE: 2>, 0, 1)], [0, 0.020941734313964844, (<Action.MOVE: 2>, 1, 0)], [1, 1.7689988613128662, (<Action.MOVE: 2>, 0, 1)], [0, 0.018960237503051758, (<Action.MOVE: 2>, 1, -1)], [1, 2.107994556427002, (<Action.MOVE: 2>, -1, 1)], [0, 0.015959978103637695, (<Action.MOVE: 2>, 0, -1)], [1, 2.2319462299346924, (<Action.MOVE: 2>, -1, 0)], [0, 0.009001970291137695, (<Action.MOVE: 2>, 1, 1)], [1, 2.764040946960449, (<Action.MOVE: 2>, -1, 0)], [0, 0.015007734298706055, (<Action.MOVE: 2>, 1, 0)], [1, 2.244041919708252, (<Action.MOVE: 2>, -1, -1)], [0, 0.013930797576904297, (<Action.MOVE: 2>, -1, 1)], [1, 2.5639896392822266, (<Action.MOVE: 2>, -1, 0)]]"
winner,blue
game,992
iterations,14
times of actions,"[[0, 0.011002540588378906, (<Action.MOVE: 2>, 0, 1)], [1, 1.0350000858306885, (<Action.MOVE: 2>, 0, 1)], [0, 0.02200150489807129, (<Action.MOVE: 2>, 1, 1)], [1, 1.653968334197998, (<Action.MOVE: 2>, -1, 1)], [0, 0.018010854721069336, (<Action.MOVE: 2>, 1, 0)], [1, 1.972944974899292, (<Action.MOVE: 2>, 0, 1)], [0, 0.015946626663208008, (<Action.MOVE: 2>, 0, 1)], [1, 1.9989454746246338, (<Action.MOVE: 2>, -1, -1)], [0, 0.009948492050170898, (<Action.MOVE: 2>, 0, -1)], [1, 2.7429957389831543, (<Action.MOVE: 2>, -1, 0)], [0, 0.015949726104736328, (<Action.MOVE: 2>, -1, 0)], [1, 2.7479918003082275, (<Action.MOVE: 2>, -1, 0)], [0, 0.01500558853149414, (<Action.MOVE: 2>, 1, 0)], [1, 2.353001117706299, (<Action.MOVE: 2>, -1, 0)]]"
winner,blue
game,993
iterations,13
times of actions,"[[1, 1.801952838897705, (<Action.MOVE: 2>, 0, 1)], [0, 0.009958505630493164, (<Action.MOVE: 2>, 0, 1)], [1, 2.3431098461151123, (<Action.MOVE: 2>, 0, 1)], [0, 0.01998114585876465, (<Action.MOVE: 2>, 0, 1)], [1, 2.113947629928589, (<Action.MOVE: 2>, 0, 1)], [0, 0.01904010772705078, (<Action.MOVE: 2>, 0, 1)], [1, 1.0609676837921143, (<Action.MOVE: 2>, 1, -1)], [0, 0.009941577911376953, (<Action.MOVE: 2>, -1, 0)], [1, 1.904940128326416, (<Action.MOVE: 2>, 1, 0)], [0, 0.009940147399902344, (<Action.MOVE: 2>, -1, -1)], [1, 2.8309390544891357, (<Action.MOVE: 2>, 1, -1)], [0, 0.013997316360473633, (<Action.MOVE: 2>, 1, 0)], [1, 2.5699636936187744, (<Action.MOVE: 2>, 1, 0)]]"
winner,red
game,994
iterations,10
times of actions,"[[0, 0.008000850677490234, (<Action.MOVE: 2>, 1, -1)], [1, 2.143017530441284, (<Action.MOVE: 2>, -1, 0)], [0, 0.018963098526000977, (<Action.MOVE: 2>, 0, -1)], [1, 2.2429630756378174, (<Action.MOVE: 2>, -1, 0)], [0, 0.008949756622314453, (<Action.MOVE: 2>, 1, 1)], [1, 3.048949718475342, (<Action.MOVE: 2>, -1, 0)], [0, 0.014946222305297852, (<Action.MOVE: 2>, 1, -1)], [1, 1.77396559715271, (<Action.MOVE: 2>, -1, 0)], [0, 0.008001089096069336, (<Action.MOVE: 2>, 0, 1)], [1, 2.3639984130859375, (<Action.MOVE: 2>, -1, 0)]]"
winner,blue
game,995
iterations,10
times of actions,"[[0, 0.004981517791748047, (<Action.MOVE: 2>, -1, 0)], [1, 1.2350013256072998, (<Action.MOVE: 2>, -1, 1)], [0, 0.008000373840332031, (<Action.MOVE: 2>, 0, 1)], [1, 3.6409590244293213, (<Action.MOVE: 2>, -1, 1)], [0, 0.015999794006347656, (<Action.MOVE: 2>, 0, -1)], [1, 2.0069620609283447, (<Action.MOVE: 2>, -1, 0)], [0, 0.008945465087890625, (<Action.MOVE: 2>, 1, 1)], [1, 3.0039966106414795, (<Action.MOVE: 2>, -1, -1)], [0, 0.015992403030395508, (<Action.MOVE: 2>, 1, -1)], [1, 1.5069544315338135, (<Action.MOVE: 2>, -1, 0)]]"
winner,blue
game,996
iterations,10
times of actions,"[[0, 0.00799870491027832, (<Action.MOVE: 2>, 1, -1)], [1, 1.2595422267913818, (<Action.MOVE: 2>, -1, 1)], [0, 0.009974002838134766, (<Action.MOVE: 2>, 1, 1)], [1, 3.4969584941864014, (<Action.MOVE: 2>, -1, 0)], [0, 0.014957189559936523, (<Action.MOVE: 2>, 1, 0)], [1, 3.154979944229126, (<Action.MOVE: 2>, -1, 0)], [0, 0.017004013061523438, (<Action.MOVE: 2>, 1, -1)], [1, 1.7609808444976807, (<Action.MOVE: 2>, -1, -1)], [0, 0.007965326309204102, (<Action.MOVE: 2>, -1, 0)], [1, 1.4869978427886963, (<Action.MOVE: 2>, -1, 0)]]"
winner,blue
game,997
iterations,10
times of actions,"[[0, 0.01099848747253418, (<Action.MOVE: 2>, -1, 0)], [1, 2.071000576019287, (<Action.MOVE: 2>, -1, 0)], [0, 0.017956972122192383, (<Action.MOVE: 2>, 0, -1)], [1, 2.1749415397644043, (<Action.MOVE: 2>, -1, 0)], [0, 0.00899648666381836, (<Action.MOVE: 2>, 0, 1)], [1, 2.978954553604126, (<Action.MOVE: 2>, -1, 0)], [0, 0.014958620071411133, (<Action.MOVE: 2>, 1, -1)], [1, 1.731963872909546, (<Action.MOVE: 2>, -1, 0)], [0, 0.007998466491699219, (<Action.MOVE: 2>, -1, 0)], [1, 1.4179606437683105, (<Action.MOVE: 2>, -1, 0)]]"
winner,blue
game,998
iterations,14
times of actions,"[[0, 0.010001897811889648, (<Action.MOVE: 2>, 0, -1)], [1, 0.9270017147064209, (<Action.MOVE: 2>, 0, 1)], [0, 0.019995689392089844, (<Action.MOVE: 2>, 1, 0)], [1, 1.835963249206543, (<Action.MOVE: 2>, 0, 1)], [0, 0.02296733856201172, (<Action.MOVE: 2>, 1, -1)], [1, 2.1019928455352783, (<Action.MOVE: 2>, -1, 1)], [0, 0.014958620071411133, (<Action.MOVE: 2>, 1, 0)], [1, 3.060957670211792, (<Action.MOVE: 2>, -1, 0)], [0, 0.013988971710205078, (<Action.MOVE: 2>, 0, 1)], [1, 3.0169951915740967, (<Action.MOVE: 2>, -1, 0)], [0, 0.014003992080688477, (<Action.MOVE: 2>, 1, -1)], [1, 2.0609591007232666, (<Action.MOVE: 2>, -1, -1)], [0, 0.01100015640258789, (<Action.MOVE: 2>, -1, 0)], [1, 2.1050398349761963, (<Action.MOVE: 2>, -1, 0)]]"
winner,blue
game,999
iterations,14
times of actions,"[[0, 0.007002353668212891, (<Action.MOVE: 2>, 1, 1)], [1, 0.9180335998535156, (<Action.MOVE: 2>, 0, 1)], [0, 0.019963502883911133, (<Action.MOVE: 2>, 0, 1)], [1, 1.4400043487548828, (<Action.MOVE: 2>, 0, 1)], [0, 0.017967939376831055, (<Action.MOVE: 2>, 1, 1)], [1, 1.412001371383667, (<Action.MOVE: 2>, -1, 1)], [0, 0.010947465896606445, (<Action.MOVE: 2>, 1, -1)], [1, 3.2069485187530518, (<Action.MOVE: 2>, -1, 0)], [0, 0.014840126037597656, (<Action.MOVE: 2>, 1, 0)], [1, 2.696948528289795, (<Action.MOVE: 2>, -1, 0)], [0, 0.013999462127685547, (<Action.MOVE: 2>, 1, -1)], [1, 2.377999782562256, (<Action.MOVE: 2>, -1, -1)], [0, 0.01101541519165039, (<Action.MOVE: 2>, -1, 0)], [1, 2.387986421585083, (<Action.MOVE: 2>, -1, 0)]]"
winner,blue
blue games won,489
red games won,456
end time,1633085786.520894
