game,0
winner,-1
game,1
winner,0
game,2
winner,-1
game,3
winner,-1
game,4
winner,-1
game,5
winner,-1
game,6
winner,-1
game,7
winner,-1
game,8
winner,-1
game,9
winner,-1
game,10
winner,1
game,11
winner,1
game,12
winner,1
game,13
winner,-1
game,14
winner,-1
game,15
winner,1
game,16
winner,1
game,17
winner,-1
game,18
winner,1
game,19
winner,-1
game,20
winner,1
game,21
winner,-1
game,22
winner,-1
game,23
winner,-1
game,24
winner,-1
game,25
winner,-1
game,26
winner,-1
game,27
winner,-1
game,28
winner,-1
game,29
winner,1
game,30
winner,0
game,31
winner,-1
game,32
winner,1
game,33
winner,-1
game,34
winner,-1
game,35
winner,-1
game,36
winner,-1
game,37
winner,-1
game,38
winner,-1
game,39
winner,0
game,40
winner,-1
game,41
winner,-1
game,42
winner,1
game,43
winner,-1
game,44
winner,-1
game,45
winner,-1
game,46
winner,1
game,47
winner,-1
game,48
winner,1
game,49
winner,-1
game,50
winner,1
game,51
winner,-1
game,52
winner,1
game,53
winner,-1
game,54
winner,-1
game,55
winner,1
game,56
winner,-1
game,57
winner,-1
game,58
winner,1
game,59
winner,-1
game,60
winner,-1
game,61
winner,-1
game,62
winner,-1
game,63
winner,-1
game,64
winner,-1
game,65
winner,-1
game,66
winner,-1
game,67
winner,-1
game,68
winner,-1
game,69
winner,-1
game,70
winner,1
game,71
winner,-1
game,72
winner,-1
game,73
winner,-1
game,74
winner,-1
game,75
winner,-1
game,76
winner,-1
game,77
winner,1
game,78
winner,1
game,79
winner,-1
game,80
winner,-1
game,81
winner,-1
game,82
winner,1
game,83
winner,1
game,84
winner,-1
game,85
winner,0
game,86
winner,-1
game,87
winner,-1
game,88
winner,-1
game,89
winner,-1
game,90
winner,-1
game,91
winner,-1
game,92
winner,-1
game,93
winner,-1
game,94
winner,-1
game,95
winner,-1
game,96
winner,-1
game,97
winner,-1
game,98
winner,-1
game,99
winner,-1
game,100
winner,-1
game,101
winner,1
game,102
winner,-1
game,103
winner,-1
game,104
winner,-1
game,105
winner,-1
game,106
winner,1
game,107
winner,1
game,108
winner,1
game,109
winner,-1
game,110
winner,-1
game,111
winner,-1
game,112
winner,1
game,113
winner,-1
game,114
winner,-1
game,115
winner,1
game,116
winner,-1
game,117
winner,1
game,118
winner,1
game,119
winner,-1
game,120
winner,-1
game,121
winner,-1
game,122
winner,-1
game,123
winner,-1
game,124
winner,-1
game,125
winner,-1
game,126
winner,-1
game,127
winner,1
game,128
winner,-1
game,129
winner,-1
game,130
winner,-1
game,131
winner,1
game,132
winner,1
game,133
winner,-1
game,134
winner,-1
game,135
winner,1
game,136
winner,1
game,137
winner,-1
game,138
winner,-1
game,139
winner,1
game,140
winner,-1
game,141
winner,-1
game,142
winner,-1
game,143
winner,-1
game,144
winner,1
game,145
winner,-1
game,146
winner,-1
game,147
winner,-1
game,148
winner,-1
game,149
winner,0
game,150
winner,-1
game,151
winner,-1
game,152
winner,-1
game,153
winner,-1
game,154
winner,1
game,155
winner,-1
game,156
winner,-1
game,157
winner,-1
game,158
winner,-1
game,159
winner,-1
game,160
winner,-1
game,161
winner,-1
game,162
winner,-1
game,163
winner,-1
game,164
winner,1
game,165
winner,-1
game,166
winner,-1
game,167
winner,-1
game,168
winner,1
game,169
winner,-1
game,170
winner,-1
game,171
winner,-1
game,172
winner,-1
game,173
winner,-1
game,174
winner,1
game,175
winner,-1
game,176
winner,-1
game,177
winner,-1
game,178
winner,1
game,179
winner,-1
game,180
winner,-1
game,181
winner,-1
game,182
winner,1
game,183
winner,-1
game,184
winner,-1
game,185
winner,-1
game,186
winner,-1
game,187
winner,-1
game,188
winner,1
game,189
winner,-1
game,190
winner,-1
game,191
winner,-1
game,192
winner,-1
game,193
winner,-1
game,194
winner,-1
game,195
winner,-1
game,196
winner,-1
game,197
winner,-1
game,198
winner,-1
game,199
winner,-1
game,200
winner,-1
game,201
winner,-1
game,202
winner,-1
game,203
winner,-1
game,204
winner,-1
game,205
winner,-1
game,206
winner,-1
game,207
winner,-1
game,208
winner,-1
game,209
winner,-1
game,210
winner,-1
game,211
winner,1
game,212
winner,-1
game,213
winner,1
game,214
winner,-1
game,215
winner,-1
game,216
winner,1
game,217
winner,-1
game,218
winner,-1
game,219
winner,-1
game,220
winner,-1
game,221
winner,1
game,222
winner,1
game,223
winner,-1
game,224
winner,-1
game,225
winner,-1
game,226
winner,-1
game,227
winner,-1
game,228
winner,-1
game,229
winner,-1
game,230
winner,-1
game,231
winner,-1
game,232
winner,-1
game,233
winner,1
game,234
winner,-1
game,235
winner,-1
game,236
winner,1
game,237
winner,-1
game,238
winner,-1
game,239
winner,-1
game,240
winner,1
game,241
winner,-1
game,242
winner,-1
game,243
winner,-1
game,244
winner,-1
game,245
winner,-1
game,246
winner,1
game,247
winner,-1
game,248
winner,-1
game,249
winner,-1
game,250
winner,-1
game,251
winner,-1
game,252
winner,-1
game,253
winner,-1
game,254
winner,1
game,255
winner,1
game,256
winner,-1
game,257
winner,-1
game,258
winner,-1
game,259
winner,-1
game,260
winner,1
game,261
winner,-1
game,262
winner,-1
game,263
winner,-1
game,264
winner,-1
game,265
winner,-1
game,266
winner,-1
game,267
winner,-1
game,268
winner,0
game,269
winner,-1
game,270
winner,1
game,271
winner,-1
game,272
winner,-1
game,273
winner,-1
game,274
winner,-1
game,275
winner,-1
game,276
winner,-1
game,277
winner,-1
game,278
winner,-1
game,279
winner,1
game,280
winner,-1
game,281
winner,-1
game,282
winner,-1
game,283
winner,-1
game,284
winner,-1
game,285
winner,-1
game,286
winner,1
game,287
winner,-1
game,288
winner,-1
game,289
winner,-1
game,290
winner,-1
game,291
winner,-1
game,292
winner,-1
game,293
winner,-1
game,294
winner,-1
game,295
winner,-1
game,296
winner,-1
game,297
winner,0
game,298
winner,-1
game,299
winner,-1
game,300
winner,-1
game,301
winner,1
game,302
winner,-1
game,303
winner,-1
game,304
winner,-1
game,305
winner,-1
game,306
winner,-1
game,307
winner,-1
game,308
winner,-1
game,309
winner,-1
game,310
winner,-1
game,311
winner,-1
game,312
winner,-1
game,313
winner,-1
game,314
winner,-1
game,315
winner,-1
game,316
winner,-1
game,317
winner,1
game,318
winner,-1
game,319
winner,-1
game,320
winner,1
game,321
winner,-1
game,322
winner,-1
game,323
winner,-1
game,324
winner,-1
game,325
winner,-1
game,326
winner,-1
game,327
winner,1
game,328
winner,-1
game,329
winner,-1
game,330
winner,-1
game,331
winner,-1
game,332
winner,-1
game,333
winner,-1
game,334
winner,-1
game,335
winner,-1
game,336
winner,1
game,337
winner,-1
game,338
winner,-1
game,339
winner,-1
game,340
winner,-1
game,341
winner,-1
game,342
winner,-1
game,343
winner,-1
game,344
winner,-1
game,345
winner,-1
game,346
winner,1
game,347
winner,-1
game,348
winner,-1
game,349
winner,-1
game,350
winner,-1
game,351
winner,-1
game,352
winner,-1
game,353
winner,-1
game,354
winner,-1
game,355
winner,-1
game,356
winner,-1
game,357
winner,-1
game,358
winner,-1
game,359
winner,1
game,360
winner,-1
game,361
winner,-1
game,362
winner,-1
game,363
winner,-1
game,364
winner,-1
game,365
winner,-1
game,366
winner,-1
game,367
winner,-1
game,368
winner,1
game,369
winner,-1
game,370
winner,1
game,371
winner,-1
game,372
winner,-1
game,373
winner,-1
game,374
winner,1
game,375
winner,-1
game,376
winner,-1
game,377
winner,-1
game,378
winner,-1
game,379
winner,1
game,380
winner,-1
game,381
winner,-1
game,382
winner,-1
game,383
winner,-1
game,384
winner,-1
game,385
winner,-1
game,386
winner,-1
game,387
winner,-1
game,388
winner,-1
game,389
winner,-1
game,390
winner,1
game,391
winner,1
game,392
winner,-1
game,393
winner,-1
game,394
winner,-1
game,395
winner,1
game,396
winner,-1
game,397
winner,-1
game,398
winner,-1
game,399
winner,-1
game,400
winner,-1
game,401
winner,-1
game,402
winner,-1
game,403
winner,-1
game,404
winner,1
game,405
winner,-1
game,406
winner,-1
game,407
winner,-1
game,408
winner,-1
game,409
winner,1
game,410
winner,-1
game,411
winner,-1
game,412
winner,-1
game,413
winner,-1
game,414
winner,-1
game,415
winner,-1
game,416
winner,-1
game,417
winner,-1
game,418
winner,-1
game,419
winner,1
game,420
winner,-1
game,421
winner,-1
game,422
winner,1
game,423
winner,-1
game,424
winner,-1
game,425
winner,-1
game,426
winner,-1
game,427
winner,-1
game,428
winner,-1
game,429
winner,-1
game,430
winner,-1
game,431
winner,-1
game,432
winner,-1
game,433
winner,-1
game,434
winner,-1
game,435
winner,-1
game,436
winner,1
game,437
winner,-1
game,438
winner,1
game,439
winner,-1
game,440
winner,-1
game,441
winner,-1
game,442
winner,-1
game,443
winner,-1
game,444
winner,-1
game,445
winner,-1
game,446
winner,-1
game,447
winner,-1
game,448
winner,-1
game,449
winner,1
game,450
winner,-1
game,451
winner,-1
game,452
winner,-1
game,453
winner,-1
game,454
winner,-1
game,455
winner,-1
game,456
winner,-1
game,457
winner,-1
game,458
winner,-1
game,459
winner,-1
game,460
winner,1
game,461
winner,-1
game,462
winner,-1
game,463
winner,-1
game,464
winner,-1
game,465
winner,-1
game,466
winner,-1
game,467
winner,-1
game,468
winner,-1
game,469
winner,-1
game,470
winner,-1
game,471
winner,-1
game,472
winner,-1
game,473
winner,-1
game,474
winner,-1
game,475
winner,-1
game,476
winner,-1
game,477
winner,-1
game,478
winner,-1
game,479
winner,1
game,480
winner,-1
game,481
winner,-1
game,482
winner,1
game,483
winner,-1
game,484
winner,-1
game,485
winner,1
game,486
winner,-1
game,487
winner,-1
game,488
winner,-1
game,489
winner,1
game,490
winner,1
game,491
winner,-1
game,492
winner,-1
game,493
winner,-1
game,494
winner,-1
game,495
winner,1
game,496
winner,-1
game,497
winner,-1
game,498
winner,1
game,499
winner,-1
game,500
winner,-1
game,501
winner,-1
game,502
winner,-1
game,503
winner,-1
game,504
winner,-1
game,505
winner,1
game,506
winner,-1
game,507
winner,-1
game,508
winner,-1
game,509
winner,-1
game,510
winner,1
game,511
winner,1
game,512
winner,-1
game,513
winner,-1
game,514
winner,-1
game,515
winner,0
game,516
winner,-1
game,517
winner,-1
game,518
winner,-1
game,519
winner,1
game,520
winner,-1
game,521
winner,1
game,522
winner,-1
game,523
winner,-1
game,524
winner,-1
game,525
winner,1
game,526
winner,-1
game,527
winner,-1
game,528
winner,-1
game,529
winner,-1
game,530
winner,-1
game,531
winner,-1
game,532
winner,-1
game,533
winner,1
game,534
winner,-1
game,535
winner,-1
game,536
winner,-1
game,537
winner,-1
game,538
winner,-1
game,539
winner,-1
game,540
winner,-1
game,541
winner,-1
game,542
winner,-1
game,543
winner,1
game,544
winner,-1
game,545
winner,-1
game,546
winner,-1
game,547
winner,-1
game,548
winner,-1
game,549
winner,-1
game,550
winner,-1
game,551
winner,-1
game,552
winner,-1
game,553
winner,-1
game,554
winner,-1
game,555
winner,-1
game,556
winner,-1
game,557
winner,-1
game,558
winner,-1
game,559
winner,-1
game,560
winner,1
game,561
winner,-1
game,562
winner,-1
game,563
winner,-1
game,564
winner,-1
game,565
winner,-1
game,566
winner,-1
game,567
winner,-1
game,568
winner,-1
game,569
winner,1
game,570
winner,-1
game,571
winner,-1
game,572
winner,-1
game,573
winner,-1
game,574
winner,-1
game,575
winner,-1
game,576
winner,1
game,577
winner,1
game,578
winner,1
game,579
winner,-1
game,580
winner,-1
game,581
winner,-1
game,582
winner,-1
game,583
winner,-1
game,584
winner,-1
game,585
winner,-1
game,586
winner,1
game,587
winner,-1
game,588
winner,-1
game,589
winner,-1
game,590
winner,-1
game,591
winner,-1
game,592
winner,-1
game,593
winner,-1
game,594
winner,-1
game,595
winner,1
game,596
winner,-1
game,597
winner,-1
game,598
winner,-1
game,599
winner,-1
game,600
winner,-1
game,601
winner,-1
game,602
winner,-1
game,603
winner,1
game,604
winner,0
game,605
winner,1
game,606
winner,-1
game,607
winner,-1
game,608
winner,-1
game,609
winner,-1
game,610
winner,-1
game,611
winner,-1
game,612
winner,-1
game,613
winner,-1
game,614
winner,-1
game,615
winner,-1
game,616
winner,-1
game,617
winner,-1
game,618
winner,-1
game,619
winner,-1
game,620
winner,-1
game,621
winner,1
game,622
winner,-1
game,623
winner,-1
game,624
winner,-1
game,625
winner,-1
game,626
winner,-1
game,627
winner,-1
game,628
winner,-1
game,629
winner,-1
game,630
winner,-1
game,631
winner,-1
game,632
winner,-1
game,633
winner,1
game,634
winner,-1
game,635
winner,1
game,636
winner,-1
game,637
winner,1
game,638
winner,-1
game,639
winner,-1
game,640
winner,-1
game,641
winner,1
game,642
winner,-1
game,643
winner,-1
game,644
winner,1
game,645
winner,-1
game,646
winner,-1
game,647
winner,-1
game,648
winner,1
game,649
winner,-1
game,650
winner,-1
game,651
winner,-1
game,652
winner,1
game,653
winner,-1
game,654
winner,-1
game,655
winner,-1
game,656
winner,-1
game,657
winner,1
game,658
winner,-1
game,659
winner,-1
game,660
winner,1
game,661
winner,-1
game,662
winner,-1
game,663
winner,1
game,664
winner,-1
game,665
winner,1
game,666
winner,-1
game,667
winner,-1
game,668
winner,1
game,669
winner,-1
game,670
winner,-1
game,671
winner,-1
game,672
winner,1
game,673
winner,-1
game,674
winner,-1
game,675
winner,-1
game,676
winner,-1
game,677
winner,-1
game,678
winner,-1
game,679
winner,-1
game,680
winner,-1
game,681
winner,1
game,682
winner,-1
game,683
winner,1
game,684
winner,-1
game,685
winner,-1
game,686
winner,-1
game,687
winner,-1
game,688
winner,-1
game,689
winner,1
game,690
winner,-1
game,691
winner,-1
game,692
winner,-1
game,693
winner,-1
game,694
winner,-1
game,695
winner,1
game,696
winner,-1
game,697
winner,-1
game,698
winner,-1
game,699
winner,-1
game,700
winner,-1
game,701
winner,-1
game,702
winner,-1
game,703
winner,-1
game,704
winner,-1
game,705
winner,-1
game,706
winner,-1
game,707
winner,1
game,708
winner,-1
game,709
winner,-1
game,710
winner,-1
game,711
winner,-1
game,712
winner,-1
game,713
winner,-1
game,714
winner,1
game,715
winner,-1
game,716
winner,-1
game,717
winner,-1
game,718
winner,0
game,719
winner,0
game,720
winner,1
game,721
winner,-1
game,722
winner,-1
game,723
winner,-1
game,724
winner,-1
game,725
winner,-1
game,726
winner,-1
game,727
winner,1
game,728
winner,-1
game,729
winner,-1
game,730
winner,-1
game,731
winner,-1
game,732
winner,-1
game,733
winner,1
game,734
winner,-1
game,735
winner,-1
game,736
winner,-1
game,737
winner,-1
game,738
winner,-1
game,739
winner,-1
game,740
winner,-1
game,741
winner,-1
game,742
winner,1
game,743
winner,-1
game,744
winner,-1
game,745
winner,-1
game,746
winner,-1
game,747
winner,1
game,748
winner,1
game,749
winner,-1
game,750
winner,-1
game,751
winner,-1
game,752
winner,-1
game,753
winner,-1
game,754
winner,-1
game,755
winner,-1
game,756
winner,-1
game,757
winner,-1
game,758
winner,-1
game,759
winner,-1
game,760
winner,1
game,761
winner,-1
game,762
winner,-1
game,763
winner,1
game,764
winner,-1
game,765
winner,1
game,766
winner,-1
game,767
winner,-1
game,768
winner,1
game,769
winner,-1
game,770
winner,-1
game,771
winner,-1
game,772
winner,1
game,773
winner,-1
game,774
winner,-1
game,775
winner,-1
game,776
winner,1
game,777
winner,1
game,778
winner,-1
game,779
winner,-1
game,780
winner,-1
game,781
winner,-1
game,782
winner,-1
game,783
winner,-1
game,784
winner,1
game,785
winner,-1
game,786
winner,1
game,787
winner,-1
game,788
winner,-1
game,789
winner,-1
game,790
winner,-1
game,791
winner,0
game,792
winner,-1
game,793
winner,-1
game,794
winner,-1
game,795
winner,1
game,796
winner,-1
game,797
winner,1
game,798
winner,-1
game,799
winner,-1
game,800
winner,-1
game,801
winner,-1
game,802
winner,-1
game,803
winner,-1
game,804
winner,1
game,805
winner,-1
game,806
winner,-1
game,807
winner,-1
game,808
winner,-1
game,809
winner,-1
game,810
winner,-1
game,811
winner,-1
game,812
winner,-1
game,813
winner,-1
game,814
winner,1
game,815
winner,-1
game,816
winner,1
game,817
winner,-1
game,818
winner,-1
game,819
winner,-1
game,820
winner,-1
game,821
winner,-1
game,822
winner,-1
game,823
winner,-1
game,824
winner,-1
game,825
winner,-1
game,826
winner,-1
game,827
winner,-1
game,828
winner,-1
game,829
winner,-1
game,830
winner,-1
game,831
winner,-1
game,832
winner,-1
game,833
winner,-1
game,834
winner,-1
game,835
winner,-1
game,836
winner,-1
game,837
winner,1
game,838
winner,-1
game,839
winner,-1
game,840
winner,-1
game,841
winner,-1
game,842
winner,-1
game,843
winner,-1
game,844
winner,-1
game,845
winner,-1
game,846
winner,1
game,847
winner,1
game,848
winner,-1
game,849
winner,-1
game,850
winner,1
game,851
winner,-1
game,852
winner,-1
game,853
winner,-1
game,854
winner,-1
game,855
winner,0
game,856
winner,-1
game,857
winner,-1
game,858
winner,-1
game,859
winner,-1
game,860
winner,-1
game,861
winner,-1
game,862
winner,1
game,863
winner,-1
game,864
winner,-1
game,865
winner,1
game,866
winner,-1
game,867
winner,-1
game,868
winner,-1
game,869
winner,1
game,870
winner,-1
game,871
winner,-1
game,872
winner,-1
game,873
winner,1
game,874
winner,1
game,875
winner,-1
game,876
winner,-1
game,877
winner,-1
game,878
winner,-1
game,879
winner,-1
game,880
winner,-1
game,881
winner,-1
game,882
winner,-1
game,883
winner,-1
game,884
winner,-1
game,885
winner,-1
game,886
winner,-1
game,887
winner,-1
game,888
winner,1
game,889
winner,-1
game,890
winner,-1
game,891
winner,1
game,892
winner,0
game,893
winner,-1
game,894
winner,-1
game,895
winner,-1
game,896
winner,-1
game,897
winner,-1
game,898
winner,-1
game,899
winner,1
game,900
winner,-1
game,901
winner,0
game,902
winner,-1
game,903
winner,-1
game,904
winner,-1
game,905
winner,1
game,906
winner,-1
game,907
winner,-1
game,908
winner,1
game,909
winner,-1
game,910
winner,1
game,911
winner,1
game,912
winner,0
game,913
winner,-1
game,914
winner,-1
game,915
winner,-1
game,916
winner,-1
game,917
winner,-1
game,918
winner,1
game,919
winner,-1
game,920
winner,-1
game,921
winner,-1
game,922
winner,1
game,923
winner,-1
game,924
winner,-1
game,925
winner,1
game,926
winner,-1
game,927
winner,-1
game,928
winner,-1
game,929
winner,-1
game,930
winner,-1
game,931
winner,0
game,932
winner,-1
game,933
winner,1
game,934
winner,-1
game,935
winner,-1
game,936
winner,-1
game,937
winner,-1
game,938
winner,-1
game,939
winner,-1
game,940
winner,1
game,941
winner,-1
game,942
winner,-1
game,943
winner,1
game,944
winner,1
game,945
winner,-1
game,946
winner,-1
game,947
winner,-1
game,948
winner,-1
game,949
winner,-1
game,950
winner,1
game,951
winner,-1
game,952
winner,-1
game,953
winner,-1
game,954
winner,-1
game,955
winner,-1
game,956
winner,-1
game,957
winner,-1
game,958
winner,-1
game,959
winner,-1
game,960
winner,-1
game,961
winner,-1
game,962
winner,-1
game,963
winner,1
game,964
winner,-1
game,965
winner,0
game,966
winner,1
game,967
winner,-1
game,968
winner,-1
game,969
winner,-1
game,970
winner,-1
game,971
winner,-1
game,972
winner,-1
game,973
winner,-1
game,974
winner,-1
game,975
winner,-1
game,976
winner,-1
game,977
winner,1
game,978
winner,-1
game,979
winner,-1
game,980
winner,-1
game,981
winner,-1
game,982
winner,-1
game,983
winner,-1
game,984
winner,-1
game,985
winner,-1
game,986
winner,-1
game,987
winner,-1
game,988
winner,-1
game,989
winner,-1
game,990
winner,-1
game,991
winner,-1
game,992
winner,-1
game,993
winner,-1
game,994
winner,-1
game,995
winner,-1
game,996
winner,0
game,997
winner,-1
game,998
winner,-1
game,999
winner,-1
game,1000
winner,-1
game,1001
winner,-1
game,1002
winner,-1
game,1003
winner,-1
game,1004
winner,-1
game,1005
winner,-1
game,1006
winner,-1
game,1007
winner,-1
game,1008
winner,-1
game,1009
winner,-1
game,1010
winner,-1
game,1011
winner,-1
game,1012
winner,-1
game,1013
winner,-1
game,1014
winner,-1
game,1015
winner,0
game,1016
winner,-1
game,1017
winner,-1
game,1018
winner,-1
game,1019
winner,-1
game,1020
winner,-1
game,1021
winner,1
game,1022
winner,-1
game,1023
winner,-1
game,1024
winner,-1
game,1025
winner,-1
game,1026
winner,-1
game,1027
winner,-1
game,1028
winner,-1
game,1029
winner,1
game,1030
winner,1
game,1031
winner,-1
game,1032
winner,-1
game,1033
winner,-1
game,1034
winner,-1
game,1035
winner,-1
game,1036
winner,-1
game,1037
winner,-1
game,1038
winner,1
game,1039
winner,-1
game,1040
winner,1
game,1041
winner,-1
game,1042
winner,-1
game,1043
winner,-1
game,1044
winner,-1
game,1045
winner,1
game,1046
winner,-1
game,1047
winner,-1
game,1048
winner,-1
game,1049
winner,-1
game,1050
winner,1
game,1051
winner,-1
game,1052
winner,-1
game,1053
winner,-1
game,1054
winner,-1
game,1055
winner,-1
game,1056
winner,1
game,1057
winner,-1
game,1058
winner,-1
game,1059
winner,1
game,1060
winner,-1
game,1061
winner,-1
game,1062
winner,1
game,1063
winner,-1
game,1064
winner,-1
game,1065
winner,0
game,1066
winner,-1
game,1067
winner,-1
game,1068
winner,-1
game,1069
winner,-1
game,1070
winner,-1
game,1071
winner,-1
game,1072
winner,-1
game,1073
winner,-1
game,1074
winner,1
game,1075
winner,1
game,1076
winner,-1
game,1077
winner,-1
game,1078
winner,-1
game,1079
winner,-1
game,1080
winner,-1
game,1081
winner,1
game,1082
winner,0
game,1083
winner,-1
game,1084
winner,0
game,1085
winner,-1
game,1086
winner,1
game,1087
winner,-1
game,1088
winner,-1
game,1089
winner,-1
game,1090
winner,-1
game,1091
winner,-1
game,1092
winner,-1
game,1093
winner,-1
game,1094
winner,-1
game,1095
winner,1
game,1096
winner,-1
game,1097
winner,1
game,1098
winner,-1
game,1099
winner,1
game,1100
winner,-1
game,1101
winner,-1
game,1102
winner,-1
game,1103
winner,-1
game,1104
winner,-1
game,1105
winner,-1
game,1106
winner,-1
game,1107
winner,-1
game,1108
winner,-1
game,1109
winner,-1
game,1110
winner,-1
game,1111
winner,-1
game,1112
winner,-1
game,1113
winner,-1
game,1114
winner,-1
game,1115
winner,-1
game,1116
winner,-1
game,1117
winner,-1
game,1118
winner,-1
game,1119
winner,-1
game,1120
winner,-1
game,1121
winner,0
game,1122
winner,-1
game,1123
winner,-1
game,1124
winner,-1
game,1125
winner,-1
game,1126
winner,-1
game,1127
winner,1
game,1128
winner,-1
game,1129
winner,1
game,1130
winner,-1
game,1131
winner,-1
game,1132
winner,-1
game,1133
winner,-1
game,1134
winner,-1
game,1135
winner,-1
game,1136
winner,1
game,1137
winner,-1
game,1138
winner,-1
game,1139
winner,-1
game,1140
winner,-1
game,1141
winner,1
game,1142
winner,-1
game,1143
winner,-1
game,1144
winner,-1
game,1145
winner,-1
game,1146
winner,-1
game,1147
winner,-1
game,1148
winner,-1
game,1149
winner,-1
game,1150
winner,-1
game,1151
winner,-1
game,1152
winner,-1
game,1153
winner,-1
game,1154
winner,-1
game,1155
winner,-1
game,1156
winner,-1
game,1157
winner,0
game,1158
winner,1
game,1159
winner,1
game,1160
winner,-1
game,1161
winner,1
game,1162
winner,-1
game,1163
winner,1
game,1164
winner,-1
game,1165
winner,-1
game,1166
winner,-1
game,1167
winner,-1
game,1168
winner,-1
game,1169
winner,-1
game,1170
winner,-1
game,1171
winner,-1
game,1172
winner,1
game,1173
winner,1
game,1174
winner,1
game,1175
winner,-1
game,1176
winner,-1
game,1177
winner,-1
game,1178
winner,-1
game,1179
winner,-1
game,1180
winner,-1
game,1181
winner,1
game,1182
winner,-1
game,1183
winner,-1
game,1184
winner,-1
game,1185
winner,-1
game,1186
winner,1
game,1187
winner,1
game,1188
winner,-1
game,1189
winner,-1
game,1190
winner,-1
game,1191
winner,-1
game,1192
winner,-1
game,1193
winner,-1
game,1194
winner,-1
game,1195
winner,-1
game,1196
winner,-1
game,1197
winner,-1
game,1198
winner,-1
game,1199
winner,1
game,1200
winner,-1
game,1201
winner,-1
game,1202
winner,1
game,1203
winner,0
game,1204
winner,-1
game,1205
winner,1
game,1206
winner,-1
game,1207
winner,-1
game,1208
winner,-1
game,1209
winner,0
game,1210
winner,-1
game,1211
winner,1
game,1212
winner,1
game,1213
winner,-1
game,1214
winner,-1
game,1215
winner,-1
game,1216
winner,1
game,1217
winner,-1
game,1218
winner,-1
game,1219
winner,-1
game,1220
winner,-1
game,1221
winner,-1
game,1222
winner,-1
game,1223
winner,-1
game,1224
winner,1
game,1225
winner,-1
game,1226
winner,-1
game,1227
winner,-1
game,1228
winner,0
game,1229
winner,-1
game,1230
winner,-1
game,1231
winner,1
game,1232
winner,-1
game,1233
winner,-1
game,1234
winner,1
game,1235
winner,-1
game,1236
winner,1
game,1237
winner,-1
game,1238
winner,-1
game,1239
winner,-1
game,1240
winner,-1
game,1241
winner,-1
game,1242
winner,-1
game,1243
winner,-1
game,1244
winner,1
game,1245
winner,1
game,1246
winner,-1
game,1247
winner,-1
game,1248
winner,1
game,1249
winner,-1
game,1250
winner,-1
game,1251
winner,-1
game,1252
winner,-1
game,1253
winner,-1
game,1254
winner,-1
game,1255
winner,-1
game,1256
winner,-1
game,1257
winner,1
game,1258
winner,-1
game,1259
winner,-1
game,1260
winner,-1
game,1261
winner,-1
game,1262
winner,-1
game,1263
winner,-1
game,1264
winner,-1
game,1265
winner,-1
game,1266
winner,1
game,1267
winner,0
game,1268
winner,1
game,1269
winner,-1
game,1270
winner,-1
game,1271
winner,1
game,1272
winner,-1
game,1273
winner,-1
game,1274
winner,-1
game,1275
winner,-1
game,1276
winner,-1
game,1277
winner,1
game,1278
winner,1
game,1279
winner,-1
game,1280
winner,-1
game,1281
winner,-1
game,1282
winner,-1
game,1283
winner,-1
game,1284
winner,-1
game,1285
winner,-1
game,1286
winner,-1
game,1287
winner,-1
game,1288
winner,-1
game,1289
winner,-1
game,1290
winner,-1
game,1291
winner,-1
game,1292
winner,1
game,1293
winner,-1
game,1294
winner,-1
game,1295
winner,1
game,1296
winner,-1
game,1297
winner,-1
game,1298
winner,-1
game,1299
winner,0
game,1300
winner,-1
game,1301
winner,-1
game,1302
winner,1
game,1303
winner,-1
game,1304
winner,1
game,1305
winner,-1
game,1306
winner,-1
game,1307
winner,-1
game,1308
winner,1
game,1309
winner,-1
game,1310
winner,-1
game,1311
winner,-1
game,1312
winner,-1
game,1313
winner,-1
game,1314
winner,-1
game,1315
winner,-1
game,1316
winner,-1
game,1317
winner,-1
game,1318
winner,-1
game,1319
winner,-1
game,1320
winner,-1
game,1321
winner,-1
game,1322
winner,-1
game,1323
winner,-1
game,1324
winner,-1
game,1325
winner,-1
game,1326
winner,1
game,1327
winner,1
game,1328
winner,-1
game,1329
winner,1
game,1330
winner,-1
game,1331
winner,-1
game,1332
winner,-1
game,1333
winner,-1
game,1334
winner,1
game,1335
winner,-1
game,1336
winner,-1
game,1337
winner,1
game,1338
winner,-1
game,1339
winner,-1
game,1340
winner,-1
game,1341
winner,-1
game,1342
winner,-1
game,1343
winner,-1
game,1344
winner,1
game,1345
winner,1
game,1346
winner,-1
game,1347
winner,-1
game,1348
winner,-1
game,1349
winner,-1
game,1350
winner,-1
game,1351
winner,-1
game,1352
winner,-1
game,1353
winner,-1
game,1354
winner,1
game,1355
winner,-1
game,1356
winner,-1
game,1357
winner,-1
game,1358
winner,-1
game,1359
winner,-1
game,1360
winner,-1
game,1361
winner,-1
game,1362
winner,-1
game,1363
winner,-1
game,1364
winner,1
game,1365
winner,-1
game,1366
winner,1
game,1367
winner,1
game,1368
winner,-1
game,1369
winner,-1
game,1370
winner,-1
game,1371
winner,-1
game,1372
winner,-1
game,1373
winner,-1
game,1374
winner,-1
game,1375
winner,0
game,1376
winner,-1
game,1377
winner,-1
game,1378
winner,-1
game,1379
winner,1
game,1380
winner,-1
game,1381
winner,-1
game,1382
winner,-1
game,1383
winner,-1
game,1384
winner,-1
game,1385
winner,0
game,1386
winner,0
game,1387
winner,-1
game,1388
winner,-1
game,1389
winner,-1
game,1390
winner,-1
game,1391
winner,1
game,1392
winner,-1
game,1393
winner,1
game,1394
winner,-1
game,1395
winner,-1
game,1396
winner,1
game,1397
winner,-1
game,1398
winner,1
game,1399
winner,-1
game,1400
winner,-1
game,1401
winner,-1
game,1402
winner,-1
game,1403
winner,-1
game,1404
winner,0
game,1405
winner,1
game,1406
winner,-1
game,1407
winner,-1
game,1408
winner,-1
game,1409
winner,1
game,1410
winner,-1
game,1411
winner,-1
game,1412
winner,-1
game,1413
winner,-1
game,1414
winner,-1
game,1415
winner,-1
game,1416
winner,-1
game,1417
winner,-1
game,1418
winner,0
game,1419
winner,-1
game,1420
winner,-1
game,1421
winner,-1
game,1422
winner,-1
game,1423
winner,-1
game,1424
winner,-1
game,1425
winner,1
game,1426
winner,-1
game,1427
winner,-1
game,1428
winner,-1
game,1429
winner,1
game,1430
winner,1
game,1431
winner,-1
game,1432
winner,-1
game,1433
winner,-1
game,1434
winner,0
game,1435
winner,0
game,1436
winner,-1
game,1437
winner,-1
game,1438
winner,-1
game,1439
winner,-1
game,1440
winner,-1
game,1441
winner,-1
game,1442
winner,1
game,1443
winner,-1
game,1444
winner,-1
game,1445
winner,-1
game,1446
winner,-1
game,1447
winner,1
game,1448
winner,1
game,1449
winner,0
game,1450
winner,-1
game,1451
winner,-1
game,1452
winner,-1
game,1453
winner,-1
game,1454
winner,-1
game,1455
winner,-1
game,1456
winner,1
game,1457
winner,1
game,1458
winner,-1
game,1459
winner,-1
game,1460
winner,-1
game,1461
winner,1
game,1462
winner,-1
game,1463
winner,-1
game,1464
winner,-1
game,1465
winner,1
game,1466
winner,1
game,1467
winner,-1
game,1468
winner,-1
game,1469
winner,-1
game,1470
winner,-1
game,1471
winner,1
game,1472
winner,-1
game,1473
winner,-1
game,1474
winner,-1
game,1475
winner,1
game,1476
winner,-1
game,1477
winner,-1
game,1478
winner,-1
game,1479
winner,1
game,1480
winner,1
game,1481
winner,-1
game,1482
winner,1
game,1483
winner,-1
game,1484
winner,-1
game,1485
winner,-1
game,1486
winner,-1
game,1487
winner,1
game,1488
winner,1
game,1489
winner,-1
game,1490
winner,-1
game,1491
winner,-1
game,1492
winner,-1
game,1493
winner,-1
game,1494
winner,-1
game,1495
winner,-1
game,1496
winner,-1
game,1497
winner,-1
game,1498
winner,-1
game,1499
winner,-1
game,1500
winner,-1
game,1501
winner,1
game,1502
winner,-1
game,1503
winner,1
game,1504
winner,-1
game,1505
winner,-1
game,1506
winner,-1
game,1507
winner,-1
game,1508
winner,-1
game,1509
winner,-1
game,1510
winner,-1
game,1511
winner,-1
game,1512
winner,-1
game,1513
winner,-1
game,1514
winner,-1
game,1515
winner,-1
game,1516
winner,-1
game,1517
winner,-1
game,1518
winner,-1
game,1519
winner,-1
game,1520
winner,-1
game,1521
winner,-1
game,1522
winner,-1
game,1523
winner,-1
game,1524
winner,-1
game,1525
winner,-1
game,1526
winner,-1
game,1527
winner,-1
game,1528
winner,-1
game,1529
winner,-1
game,1530
winner,-1
game,1531
winner,-1
game,1532
winner,-1
game,1533
winner,-1
game,1534
winner,-1
game,1535
winner,1
game,1536
winner,-1
game,1537
winner,-1
game,1538
winner,1
game,1539
winner,-1
game,1540
winner,-1
game,1541
winner,-1
game,1542
winner,-1
game,1543
winner,-1
game,1544
winner,1
game,1545
winner,-1
game,1546
winner,-1
game,1547
winner,1
game,1548
winner,-1
game,1549
winner,-1
game,1550
winner,-1
game,1551
winner,-1
game,1552
winner,-1
game,1553
winner,1
game,1554
winner,-1
game,1555
winner,-1
game,1556
winner,-1
game,1557
winner,-1
game,1558
winner,-1
game,1559
winner,-1
game,1560
winner,-1
game,1561
winner,-1
game,1562
winner,1
game,1563
winner,-1
game,1564
winner,-1
game,1565
winner,1
game,1566
winner,-1
game,1567
winner,-1
game,1568
winner,-1
game,1569
winner,-1
game,1570
winner,-1
game,1571
winner,-1
game,1572
winner,-1
game,1573
winner,0
game,1574
winner,-1
game,1575
winner,-1
game,1576
winner,-1
game,1577
winner,-1
game,1578
winner,-1
game,1579
winner,-1
game,1580
winner,-1
game,1581
winner,1
game,1582
winner,0
game,1583
winner,0
game,1584
winner,1
game,1585
winner,-1
game,1586
winner,-1
game,1587
winner,-1
game,1588
winner,-1
game,1589
winner,-1
game,1590
winner,-1
game,1591
winner,-1
game,1592
winner,-1
game,1593
winner,-1
game,1594
winner,-1
game,1595
winner,1
game,1596
winner,-1
game,1597
winner,1
game,1598
winner,-1
game,1599
winner,-1
game,1600
winner,-1
game,1601
winner,-1
game,1602
winner,-1
game,1603
winner,-1
game,1604
winner,-1
game,1605
winner,1
game,1606
winner,-1
game,1607
winner,-1
game,1608
winner,-1
game,1609
winner,1
game,1610
winner,-1
game,1611
winner,0
game,1612
winner,1
game,1613
winner,1
game,1614
winner,-1
game,1615
winner,1
game,1616
winner,-1
game,1617
winner,-1
game,1618
winner,-1
game,1619
winner,1
game,1620
winner,1
game,1621
winner,-1
game,1622
winner,-1
game,1623
winner,-1
game,1624
winner,-1
game,1625
winner,1
game,1626
winner,-1
game,1627
winner,1
game,1628
winner,-1
game,1629
winner,-1
game,1630
winner,-1
game,1631
winner,-1
game,1632
winner,-1
game,1633
winner,-1
game,1634
winner,-1
game,1635
winner,-1
game,1636
winner,-1
game,1637
winner,-1
game,1638
winner,-1
game,1639
winner,-1
game,1640
winner,-1
game,1641
winner,-1
game,1642
winner,1
game,1643
winner,1
game,1644
winner,1
game,1645
winner,-1
game,1646
winner,1
game,1647
winner,-1
game,1648
winner,-1
game,1649
winner,1
game,1650
winner,-1
game,1651
winner,-1
game,1652
winner,-1
game,1653
winner,-1
game,1654
winner,-1
game,1655
winner,-1
game,1656
winner,1
game,1657
winner,0
game,1658
winner,-1
game,1659
winner,-1
game,1660
winner,-1
game,1661
winner,1
game,1662
winner,-1
game,1663
winner,-1
game,1664
winner,-1
game,1665
winner,1
game,1666
winner,-1
game,1667
winner,-1
game,1668
winner,-1
game,1669
winner,-1
game,1670
winner,-1
game,1671
winner,-1
game,1672
winner,1
game,1673
winner,-1
game,1674
winner,-1
game,1675
winner,-1
game,1676
winner,-1
game,1677
winner,-1
game,1678
winner,-1
game,1679
winner,-1
game,1680
winner,-1
game,1681
winner,-1
game,1682
winner,-1
game,1683
winner,-1
game,1684
winner,-1
game,1685
winner,-1
game,1686
winner,-1
game,1687
winner,-1
game,1688
winner,-1
game,1689
winner,-1
game,1690
winner,-1
game,1691
winner,-1
game,1692
winner,-1
game,1693
winner,-1
game,1694
winner,-1
game,1695
winner,-1
game,1696
winner,1
game,1697
winner,-1
game,1698
winner,0
game,1699
winner,-1
game,1700
winner,-1
game,1701
winner,1
game,1702
winner,-1
game,1703
winner,-1
game,1704
winner,-1
game,1705
winner,-1
game,1706
winner,-1
game,1707
winner,-1
game,1708
winner,-1
game,1709
winner,-1
game,1710
winner,1
game,1711
winner,-1
game,1712
winner,1
game,1713
winner,-1
game,1714
winner,-1
game,1715
winner,-1
game,1716
winner,1
game,1717
winner,0
game,1718
winner,-1
game,1719
winner,-1
game,1720
winner,-1
game,1721
winner,-1
game,1722
winner,1
game,1723
winner,-1
game,1724
winner,1
game,1725
winner,-1
game,1726
winner,-1
game,1727
winner,-1
game,1728
winner,-1
game,1729
winner,-1
game,1730
winner,0
game,1731
winner,-1
game,1732
winner,-1
game,1733
winner,-1
game,1734
winner,-1
game,1735
winner,-1
game,1736
winner,-1
game,1737
winner,-1
game,1738
winner,-1
game,1739
winner,-1
game,1740
winner,-1
game,1741
winner,-1
game,1742
winner,-1
game,1743
winner,1
game,1744
winner,-1
game,1745
winner,-1
game,1746
winner,-1
game,1747
winner,-1
game,1748
winner,-1
game,1749
winner,-1
game,1750
winner,-1
game,1751
winner,1
game,1752
winner,-1
game,1753
winner,1
game,1754
winner,-1
game,1755
winner,-1
game,1756
winner,-1
game,1757
winner,-1
game,1758
winner,0
game,1759
winner,1
game,1760
winner,-1
game,1761
winner,-1
game,1762
winner,-1
game,1763
winner,-1
game,1764
winner,-1
game,1765
winner,-1
game,1766
winner,0
game,1767
winner,-1
game,1768
winner,-1
game,1769
winner,-1
game,1770
winner,0
game,1771
winner,1
game,1772
winner,-1
game,1773
winner,-1
game,1774
winner,-1
game,1775
winner,1
game,1776
winner,1
game,1777
winner,1
game,1778
winner,0
game,1779
winner,-1
game,1780
winner,1
game,1781
winner,-1
game,1782
winner,1
game,1783
winner,-1
game,1784
winner,-1
game,1785
winner,-1
game,1786
winner,-1
game,1787
winner,1
game,1788
winner,-1
game,1789
winner,1
game,1790
winner,-1
game,1791
winner,-1
game,1792
winner,-1
game,1793
winner,-1
game,1794
winner,-1
game,1795
winner,-1
game,1796
winner,-1
game,1797
winner,-1
game,1798
winner,-1
game,1799
winner,1
game,1800
winner,-1
game,1801
winner,-1
game,1802
winner,-1
game,1803
winner,-1
game,1804
winner,-1
game,1805
winner,-1
game,1806
winner,-1
game,1807
winner,-1
game,1808
winner,-1
game,1809
winner,-1
game,1810
winner,-1
game,1811
winner,1
game,1812
winner,-1
game,1813
winner,-1
game,1814
winner,-1
game,1815
winner,1
game,1816
winner,1
game,1817
winner,-1
game,1818
winner,0
game,1819
winner,-1
game,1820
winner,-1
game,1821
winner,-1
game,1822
winner,-1
game,1823
winner,-1
game,1824
winner,-1
game,1825
winner,-1
game,1826
winner,1
game,1827
winner,-1
game,1828
winner,-1
game,1829
winner,-1
game,1830
winner,1
game,1831
winner,-1
game,1832
winner,1
game,1833
winner,-1
game,1834
winner,-1
game,1835
winner,1
game,1836
winner,-1
game,1837
winner,1
game,1838
winner,1
game,1839
winner,-1
game,1840
winner,-1
game,1841
winner,-1
game,1842
winner,-1
game,1843
winner,0
game,1844
winner,1
game,1845
winner,-1
game,1846
winner,-1
game,1847
winner,1
game,1848
winner,-1
game,1849
winner,-1
game,1850
winner,-1
game,1851
winner,-1
game,1852
winner,-1
game,1853
winner,1
game,1854
winner,-1
game,1855
winner,-1
game,1856
winner,1
game,1857
winner,-1
game,1858
winner,-1
game,1859
winner,1
game,1860
winner,1
game,1861
winner,-1
game,1862
winner,-1
game,1863
winner,-1
game,1864
winner,1
game,1865
winner,-1
game,1866
winner,-1
game,1867
winner,-1
game,1868
winner,1
game,1869
winner,-1
game,1870
winner,-1
game,1871
winner,1
game,1872
winner,-1
game,1873
winner,-1
game,1874
winner,1
game,1875
winner,1
game,1876
winner,-1
game,1877
winner,-1
game,1878
winner,-1
game,1879
winner,-1
game,1880
winner,-1
game,1881
winner,-1
game,1882
winner,-1
game,1883
winner,0
game,1884
winner,-1
game,1885
winner,-1
game,1886
winner,-1
game,1887
winner,-1
game,1888
winner,-1
game,1889
winner,-1
game,1890
winner,-1
game,1891
winner,-1
game,1892
winner,0
game,1893
winner,-1
game,1894
winner,-1
game,1895
winner,1
game,1896
winner,-1
game,1897
winner,-1
game,1898
winner,-1
game,1899
winner,-1
game,1900
winner,-1
game,1901
winner,1
game,1902
winner,-1
game,1903
winner,1
game,1904
winner,-1
game,1905
winner,-1
game,1906
winner,-1
game,1907
winner,-1
game,1908
winner,-1
game,1909
winner,-1
game,1910
winner,-1
game,1911
winner,-1
game,1912
winner,-1
game,1913
winner,-1
game,1914
winner,1
game,1915
winner,-1
game,1916
winner,-1
game,1917
winner,-1
game,1918
winner,-1
game,1919
winner,-1
game,1920
winner,-1
game,1921
winner,-1
game,1922
winner,-1
game,1923
winner,1
game,1924
winner,-1
game,1925
winner,-1
game,1926
winner,-1
game,1927
winner,1
game,1928
winner,-1
game,1929
winner,-1
game,1930
winner,-1
game,1931
winner,-1
game,1932
winner,-1
game,1933
winner,-1
game,1934
winner,-1
game,1935
winner,-1
game,1936
winner,-1
game,1937
winner,-1
game,1938
winner,-1
game,1939
winner,-1
game,1940
winner,0
game,1941
winner,-1
game,1942
winner,1
game,1943
winner,-1
game,1944
winner,1
game,1945
winner,1
game,1946
winner,-1
game,1947
winner,-1
game,1948
winner,-1
game,1949
winner,-1
game,1950
winner,-1
game,1951
winner,-1
game,1952
winner,1
game,1953
winner,-1
game,1954
winner,-1
game,1955
winner,-1
game,1956
winner,-1
game,1957
winner,-1
game,1958
winner,-1
game,1959
winner,-1
game,1960
winner,-1
game,1961
winner,-1
game,1962
winner,-1
game,1963
winner,-1
game,1964
winner,-1
game,1965
winner,-1
game,1966
winner,-1
game,1967
winner,0
game,1968
winner,1
game,1969
winner,-1
game,1970
winner,-1
game,1971
winner,-1
game,1972
winner,-1
game,1973
winner,-1
game,1974
winner,1
game,1975
winner,-1
game,1976
winner,-1
game,1977
winner,-1
game,1978
winner,-1
game,1979
winner,-1
game,1980
winner,-1
game,1981
winner,-1
game,1982
winner,-1
game,1983
winner,-1
game,1984
winner,-1
game,1985
winner,-1
game,1986
winner,1
game,1987
winner,-1
game,1988
winner,-1
game,1989
winner,-1
game,1990
winner,1
game,1991
winner,-1
game,1992
winner,-1
game,1993
winner,-1
game,1994
winner,-1
game,1995
winner,-1
game,1996
winner,1
game,1997
winner,-1
game,1998
winner,1
game,1999
winner,-1
game,2000
winner,-1
game,2001
winner,-1
game,2002
winner,-1
game,2003
winner,-1
game,2004
winner,-1
game,2005
winner,-1
game,2006
winner,-1
game,2007
winner,1
game,2008
winner,-1
game,2009
winner,1
game,2010
winner,1
game,2011
winner,-1
game,2012
winner,-1
game,2013
winner,-1
game,2014
winner,1
game,2015
winner,-1
game,2016
winner,-1
game,2017
winner,-1
game,2018
winner,-1
game,2019
winner,-1
game,2020
winner,1
game,2021
winner,-1
game,2022
winner,-1
game,2023
winner,-1
game,2024
winner,-1
game,2025
winner,-1
game,2026
winner,1
game,2027
winner,1
game,2028
winner,-1
game,2029
winner,-1
game,2030
winner,-1
game,2031
winner,-1
game,2032
winner,-1
game,2033
winner,-1
game,2034
winner,-1
game,2035
winner,1
game,2036
winner,-1
game,2037
winner,-1
game,2038
winner,-1
game,2039
winner,1
game,2040
winner,1
game,2041
winner,0
game,2042
winner,-1
game,2043
winner,-1
game,2044
winner,-1
game,2045
winner,-1
game,2046
winner,-1
game,2047
winner,-1
game,2048
winner,-1
game,2049
winner,-1
game,2050
winner,-1
game,2051
winner,-1
game,2052
winner,1
game,2053
winner,1
game,2054
winner,-1
game,2055
winner,-1
game,2056
winner,-1
game,2057
winner,-1
game,2058
winner,1
game,2059
winner,-1
game,2060
winner,-1
game,2061
winner,-1
game,2062
winner,-1
game,2063
winner,-1
game,2064
winner,-1
game,2065
winner,-1
game,2066
winner,-1
game,2067
winner,1
game,2068
winner,-1
game,2069
winner,-1
game,2070
winner,1
game,2071
winner,1
game,2072
winner,-1
game,2073
winner,-1
game,2074
winner,1
game,2075
winner,-1
game,2076
winner,1
game,2077
winner,-1
game,2078
winner,0
game,2079
winner,1
game,2080
winner,-1
game,2081
winner,-1
game,2082
winner,-1
game,2083
winner,-1
game,2084
winner,-1
game,2085
winner,-1
game,2086
winner,-1
game,2087
winner,-1
game,2088
winner,1
game,2089
winner,-1
game,2090
winner,1
game,2091
winner,-1
game,2092
winner,-1
game,2093
winner,-1
game,2094
winner,-1
game,2095
winner,1
game,2096
winner,-1
game,2097
winner,-1
game,2098
winner,-1
game,2099
winner,1
game,2100
winner,-1
game,2101
winner,-1
game,2102
winner,-1
game,2103
winner,1
game,2104
winner,-1
game,2105
winner,-1
game,2106
winner,0
game,2107
winner,-1
game,2108
winner,-1
game,2109
winner,-1
game,2110
winner,-1
game,2111
winner,-1
game,2112
winner,-1
game,2113
winner,-1
game,2114
winner,-1
game,2115
winner,-1
game,2116
winner,1
game,2117
winner,-1
game,2118
winner,-1
game,2119
winner,-1
game,2120
winner,-1
game,2121
winner,-1
game,2122
winner,-1
game,2123
winner,-1
game,2124
winner,-1
game,2125
winner,-1
game,2126
winner,1
game,2127
winner,1
game,2128
winner,-1
game,2129
winner,-1
game,2130
winner,1
game,2131
winner,-1
game,2132
winner,1
game,2133
winner,-1
game,2134
winner,-1
game,2135
winner,-1
game,2136
winner,-1
game,2137
winner,-1
game,2138
winner,-1
game,2139
winner,-1
game,2140
winner,-1
game,2141
winner,-1
game,2142
winner,-1
game,2143
winner,-1
game,2144
winner,-1
game,2145
winner,-1
game,2146
winner,-1
game,2147
winner,-1
game,2148
winner,-1
game,2149
winner,1
game,2150
winner,1
game,2151
winner,-1
game,2152
winner,-1
game,2153
winner,-1
game,2154
winner,-1
game,2155
winner,1
game,2156
winner,-1
game,2157
winner,-1
game,2158
winner,0
game,2159
winner,-1
game,2160
winner,-1
game,2161
winner,-1
game,2162
winner,-1
game,2163
winner,-1
game,2164
winner,-1
game,2165
winner,-1
game,2166
winner,-1
game,2167
winner,-1
game,2168
winner,-1
game,2169
winner,-1
game,2170
winner,-1
game,2171
winner,-1
game,2172
winner,-1
game,2173
winner,-1
game,2174
winner,-1
game,2175
winner,-1
game,2176
winner,-1
game,2177
winner,1
game,2178
winner,1
game,2179
winner,-1
game,2180
winner,-1
game,2181
winner,1
game,2182
winner,1
game,2183
winner,-1
game,2184
winner,-1
game,2185
winner,-1
game,2186
winner,-1
game,2187
winner,-1
game,2188
winner,-1
game,2189
winner,-1
game,2190
winner,-1
game,2191
winner,-1
game,2192
winner,1
game,2193
winner,-1
game,2194
winner,1
game,2195
winner,-1
game,2196
winner,-1
game,2197
winner,-1
game,2198
winner,-1
game,2199
winner,-1
game,2200
winner,-1
game,2201
winner,-1
game,2202
winner,-1
game,2203
winner,-1
game,2204
winner,-1
game,2205
winner,-1
game,2206
winner,-1
game,2207
winner,1
game,2208
winner,-1
game,2209
winner,-1
game,2210
winner,-1
game,2211
winner,-1
game,2212
winner,-1
game,2213
winner,-1
game,2214
winner,-1
game,2215
winner,1
game,2216
winner,0
game,2217
winner,1
game,2218
winner,-1
game,2219
winner,-1
game,2220
winner,-1
game,2221
winner,-1
game,2222
winner,-1
game,2223
winner,-1
game,2224
winner,-1
game,2225
winner,-1
game,2226
winner,1
game,2227
winner,-1
game,2228
winner,-1
game,2229
winner,-1
game,2230
winner,-1
game,2231
winner,-1
game,2232
winner,-1
game,2233
winner,-1
game,2234
winner,-1
game,2235
winner,-1
game,2236
winner,-1
game,2237
winner,-1
game,2238
winner,1
game,2239
winner,-1
game,2240
winner,-1
game,2241
winner,0
game,2242
winner,-1
game,2243
winner,1
game,2244
winner,-1
game,2245
winner,1
game,2246
winner,-1
game,2247
winner,0
game,2248
winner,-1
game,2249
winner,1
game,2250
winner,-1
game,2251
winner,-1
game,2252
winner,-1
game,2253
winner,-1
game,2254
winner,-1
game,2255
winner,1
game,2256
winner,-1
game,2257
winner,-1
game,2258
winner,-1
game,2259
winner,-1
game,2260
winner,1
game,2261
winner,-1
game,2262
winner,-1
game,2263
winner,-1
game,2264
winner,-1
game,2265
winner,-1
game,2266
winner,1
game,2267
winner,-1
game,2268
winner,-1
game,2269
winner,-1
game,2270
winner,-1
game,2271
winner,1
game,2272
winner,-1
game,2273
winner,-1
game,2274
winner,1
game,2275
winner,1
game,2276
winner,-1
game,2277
winner,-1
game,2278
winner,-1
game,2279
winner,-1
game,2280
winner,-1
game,2281
winner,-1
game,2282
winner,1
game,2283
winner,-1
game,2284
winner,-1
game,2285
winner,1
game,2286
winner,-1
game,2287
winner,1
game,2288
winner,-1
game,2289
winner,1
game,2290
winner,-1
game,2291
winner,1
game,2292
winner,-1
game,2293
winner,-1
game,2294
winner,1
game,2295
winner,-1
game,2296
winner,-1
game,2297
winner,-1
game,2298
winner,-1
game,2299
winner,-1
game,2300
winner,1
game,2301
winner,-1
game,2302
winner,-1
game,2303
winner,-1
game,2304
winner,-1
game,2305
winner,1
game,2306
winner,-1
game,2307
winner,-1
game,2308
winner,-1
game,2309
winner,-1
game,2310
winner,-1
game,2311
winner,-1
game,2312
winner,1
game,2313
winner,1
game,2314
winner,-1
game,2315
winner,-1
game,2316
winner,-1
game,2317
winner,-1
game,2318
winner,-1
game,2319
winner,-1
game,2320
winner,-1
game,2321
winner,-1
game,2322
winner,-1
game,2323
winner,-1
game,2324
winner,-1
game,2325
winner,-1
game,2326
winner,-1
game,2327
winner,-1
game,2328
winner,-1
game,2329
winner,1
game,2330
winner,-1
game,2331
winner,1
game,2332
winner,-1
game,2333
winner,-1
game,2334
winner,-1
game,2335
winner,-1
game,2336
winner,-1
game,2337
winner,-1
game,2338
winner,-1
game,2339
winner,-1
game,2340
winner,-1
game,2341
winner,-1
game,2342
winner,-1
game,2343
winner,-1
game,2344
winner,-1
game,2345
winner,1
game,2346
winner,-1
game,2347
winner,1
game,2348
winner,-1
game,2349
winner,-1
game,2350
winner,-1
game,2351
winner,-1
game,2352
winner,-1
game,2353
winner,1
game,2354
winner,-1
game,2355
winner,-1
game,2356
winner,1
game,2357
winner,-1
game,2358
winner,-1
game,2359
winner,1
game,2360
winner,-1
game,2361
winner,-1
game,2362
winner,-1
game,2363
winner,-1
game,2364
winner,1
game,2365
winner,-1
game,2366
winner,-1
game,2367
winner,-1
game,2368
winner,-1
game,2369
winner,-1
game,2370
winner,1
game,2371
winner,-1
game,2372
winner,-1
game,2373
winner,-1
game,2374
winner,-1
game,2375
winner,-1
game,2376
winner,-1
game,2377
winner,-1
game,2378
winner,1
game,2379
winner,-1
game,2380
winner,-1
game,2381
winner,-1
game,2382
winner,-1
game,2383
winner,-1
game,2384
winner,-1
game,2385
winner,-1
game,2386
winner,-1
game,2387
winner,-1
game,2388
winner,-1
game,2389
winner,1
game,2390
winner,-1
game,2391
winner,-1
game,2392
winner,-1
game,2393
winner,-1
game,2394
winner,-1
game,2395
winner,-1
game,2396
winner,-1
game,2397
winner,-1
game,2398
winner,-1
game,2399
winner,-1
game,2400
winner,-1
game,2401
winner,-1
game,2402
winner,0
game,2403
winner,-1
game,2404
winner,-1
game,2405
winner,-1
game,2406
winner,-1
game,2407
winner,-1
game,2408
winner,-1
game,2409
winner,1
game,2410
winner,-1
game,2411
winner,-1
game,2412
winner,-1
game,2413
winner,1
game,2414
winner,-1
game,2415
winner,-1
game,2416
winner,-1
game,2417
winner,-1
game,2418
winner,-1
game,2419
winner,-1
game,2420
winner,-1
game,2421
winner,-1
game,2422
winner,-1
game,2423
winner,-1
game,2424
winner,-1
game,2425
winner,-1
game,2426
winner,-1
game,2427
winner,-1
game,2428
winner,-1
game,2429
winner,-1
game,2430
winner,1
game,2431
winner,-1
game,2432
winner,-1
game,2433
winner,-1
game,2434
winner,-1
game,2435
winner,-1
game,2436
winner,-1
game,2437
winner,-1
game,2438
winner,-1
game,2439
winner,-1
game,2440
winner,1
game,2441
winner,1
game,2442
winner,-1
game,2443
winner,-1
game,2444
winner,-1
game,2445
winner,-1
game,2446
winner,-1
game,2447
winner,-1
game,2448
winner,-1
game,2449
winner,-1
game,2450
winner,-1
game,2451
winner,-1
game,2452
winner,-1
game,2453
winner,-1
game,2454
winner,-1
game,2455
winner,-1
game,2456
winner,1
game,2457
winner,-1
game,2458
winner,1
game,2459
winner,-1
game,2460
winner,-1
game,2461
winner,-1
game,2462
winner,-1
game,2463
winner,-1
game,2464
winner,-1
game,2465
winner,-1
game,2466
winner,0
game,2467
winner,-1
game,2468
winner,-1
game,2469
winner,-1
game,2470
winner,-1
game,2471
winner,-1
game,2472
winner,-1
game,2473
winner,1
game,2474
winner,-1
game,2475
winner,-1
game,2476
winner,-1
game,2477
winner,-1
game,2478
winner,1
game,2479
winner,-1
game,2480
winner,-1
game,2481
winner,1
game,2482
winner,-1
game,2483
winner,-1
game,2484
winner,-1
game,2485
winner,-1
game,2486
winner,-1
game,2487
winner,-1
game,2488
winner,-1
game,2489
winner,-1
game,2490
winner,-1
game,2491
winner,-1
game,2492
winner,-1
game,2493
winner,-1
game,2494
winner,-1
game,2495
winner,-1
game,2496
winner,-1
game,2497
winner,1
game,2498
winner,-1
game,2499
winner,-1
game,2500
winner,-1
game,2501
winner,1
game,2502
winner,-1
game,2503
winner,1
game,2504
winner,1
game,2505
winner,-1
game,2506
winner,1
game,2507
winner,-1
game,2508
winner,-1
game,2509
winner,-1
game,2510
winner,1
game,2511
winner,-1
game,2512
winner,-1
game,2513
winner,-1
game,2514
winner,-1
game,2515
winner,-1
game,2516
winner,-1
game,2517
winner,-1
game,2518
winner,0
game,2519
winner,-1
game,2520
winner,-1
game,2521
winner,-1
game,2522
winner,-1
game,2523
winner,-1
game,2524
winner,-1
game,2525
winner,-1
game,2526
winner,-1
game,2527
winner,1
game,2528
winner,-1
game,2529
winner,-1
game,2530
winner,-1
game,2531
winner,-1
game,2532
winner,1
game,2533
winner,-1
game,2534
winner,-1
game,2535
winner,-1
game,2536
winner,-1
game,2537
winner,-1
game,2538
winner,1
game,2539
winner,-1
game,2540
winner,-1
game,2541
winner,1
game,2542
winner,-1
game,2543
winner,-1
game,2544
winner,-1
game,2545
winner,1
game,2546
winner,-1
game,2547
winner,-1
game,2548
winner,0
game,2549
winner,-1
game,2550
winner,-1
game,2551
winner,-1
game,2552
winner,-1
game,2553
winner,1
game,2554
winner,-1
game,2555
winner,-1
game,2556
winner,-1
game,2557
winner,-1
game,2558
winner,-1
game,2559
winner,-1
game,2560
winner,-1
game,2561
winner,-1
game,2562
winner,1
game,2563
winner,-1
game,2564
winner,1
game,2565
winner,-1
game,2566
winner,-1
game,2567
winner,1
game,2568
winner,1
game,2569
winner,-1
game,2570
winner,-1
game,2571
winner,-1
game,2572
winner,1
game,2573
winner,-1
game,2574
winner,-1
game,2575
winner,-1
game,2576
winner,-1
game,2577
winner,-1
game,2578
winner,-1
game,2579
winner,-1
game,2580
winner,-1
game,2581
winner,-1
game,2582
winner,-1
game,2583
winner,-1
game,2584
winner,-1
game,2585
winner,1
game,2586
winner,-1
game,2587
winner,-1
game,2588
winner,1
game,2589
winner,-1
game,2590
winner,1
game,2591
winner,-1
game,2592
winner,-1
game,2593
winner,-1
game,2594
winner,-1
game,2595
winner,-1
game,2596
winner,-1
game,2597
winner,1
game,2598
winner,-1
game,2599
winner,-1
game,2600
winner,-1
game,2601
winner,-1
game,2602
winner,-1
game,2603
winner,-1
game,2604
winner,-1
game,2605
winner,-1
game,2606
winner,-1
game,2607
winner,-1
game,2608
winner,-1
game,2609
winner,1
game,2610
winner,-1
game,2611
winner,-1
game,2612
winner,-1
game,2613
winner,1
game,2614
winner,-1
game,2615
winner,-1
game,2616
winner,-1
game,2617
winner,1
game,2618
winner,-1
game,2619
winner,-1
game,2620
winner,-1
game,2621
winner,-1
game,2622
winner,1
game,2623
winner,-1
game,2624
winner,-1
game,2625
winner,-1
game,2626
winner,-1
game,2627
winner,-1
game,2628
winner,-1
game,2629
winner,-1
game,2630
winner,-1
game,2631
winner,-1
game,2632
winner,1
game,2633
winner,-1
game,2634
winner,-1
game,2635
winner,0
game,2636
winner,-1
game,2637
winner,-1
game,2638
winner,-1
game,2639
winner,-1
game,2640
winner,-1
game,2641
winner,-1
game,2642
winner,-1
game,2643
winner,-1
game,2644
winner,-1
game,2645
winner,1
game,2646
winner,-1
game,2647
winner,-1
game,2648
winner,-1
game,2649
winner,1
game,2650
winner,1
game,2651
winner,-1
game,2652
winner,1
game,2653
winner,-1
game,2654
winner,-1
game,2655
winner,-1
game,2656
winner,-1
game,2657
winner,-1
game,2658
winner,-1
game,2659
winner,-1
game,2660
winner,-1
game,2661
winner,1
game,2662
winner,-1
game,2663
winner,-1
game,2664
winner,1
game,2665
winner,1
game,2666
winner,-1
game,2667
winner,-1
game,2668
winner,1
game,2669
winner,1
game,2670
winner,-1
game,2671
winner,-1
game,2672
winner,-1
game,2673
winner,-1
game,2674
winner,-1
game,2675
winner,1
game,2676
winner,1
game,2677
winner,-1
game,2678
winner,-1
game,2679
winner,1
game,2680
winner,1
game,2681
winner,1
game,2682
winner,-1
game,2683
winner,-1
game,2684
winner,-1
game,2685
winner,-1
game,2686
winner,-1
game,2687
winner,-1
game,2688
winner,-1
game,2689
winner,1
game,2690
winner,-1
game,2691
winner,-1
game,2692
winner,1
game,2693
winner,1
game,2694
winner,-1
game,2695
winner,-1
game,2696
winner,-1
game,2697
winner,-1
game,2698
winner,-1
game,2699
winner,-1
game,2700
winner,-1
game,2701
winner,-1
game,2702
winner,-1
game,2703
winner,-1
game,2704
winner,-1
game,2705
winner,-1
game,2706
winner,-1
game,2707
winner,1
game,2708
winner,-1
game,2709
winner,-1
game,2710
winner,-1
game,2711
winner,-1
game,2712
winner,-1
game,2713
winner,-1
game,2714
winner,1
game,2715
winner,-1
game,2716
winner,-1
game,2717
winner,-1
game,2718
winner,-1
game,2719
winner,-1
game,2720
winner,-1
game,2721
winner,-1
game,2722
winner,-1
game,2723
winner,-1
game,2724
winner,-1
game,2725
winner,1
game,2726
winner,-1
game,2727
winner,-1
game,2728
winner,1
game,2729
winner,-1
game,2730
winner,-1
game,2731
winner,-1
game,2732
winner,-1
game,2733
winner,-1
game,2734
winner,-1
game,2735
winner,-1
game,2736
winner,1
game,2737
winner,-1
game,2738
winner,1
game,2739
winner,-1
game,2740
winner,-1
game,2741
winner,-1
game,2742
winner,-1
game,2743
winner,-1
game,2744
winner,1
game,2745
winner,-1
game,2746
winner,1
game,2747
winner,-1
game,2748
winner,1
game,2749
winner,-1
game,2750
winner,-1
game,2751
winner,-1
game,2752
winner,-1
game,2753
winner,-1
game,2754
winner,-1
game,2755
winner,-1
game,2756
winner,1
game,2757
winner,-1
game,2758
winner,-1
game,2759
winner,-1
game,2760
winner,-1
game,2761
winner,-1
game,2762
winner,-1
game,2763
winner,-1
game,2764
winner,-1
game,2765
winner,-1
game,2766
winner,1
game,2767
winner,-1
game,2768
winner,1
game,2769
winner,-1
game,2770
winner,-1
game,2771
winner,-1
game,2772
winner,-1
game,2773
winner,-1
game,2774
winner,-1
game,2775
winner,-1
game,2776
winner,-1
game,2777
winner,-1
game,2778
winner,-1
game,2779
winner,-1
game,2780
winner,-1
game,2781
winner,-1
game,2782
winner,-1
game,2783
winner,1
game,2784
winner,-1
game,2785
winner,-1
game,2786
winner,-1
game,2787
winner,-1
game,2788
winner,1
game,2789
winner,-1
game,2790
winner,-1
game,2791
winner,1
game,2792
winner,-1
game,2793
winner,-1
game,2794
winner,-1
game,2795
winner,-1
game,2796
winner,-1
game,2797
winner,-1
game,2798
winner,-1
game,2799
winner,-1
game,2800
winner,-1
game,2801
winner,-1
game,2802
winner,-1
game,2803
winner,-1
game,2804
winner,-1
game,2805
winner,-1
game,2806
winner,1
game,2807
winner,-1
game,2808
winner,-1
game,2809
winner,-1
game,2810
winner,-1
game,2811
winner,-1
game,2812
winner,0
game,2813
winner,-1
game,2814
winner,1
game,2815
winner,0
game,2816
winner,-1
game,2817
winner,1
game,2818
winner,-1
game,2819
winner,0
game,2820
winner,-1
game,2821
winner,-1
game,2822
winner,-1
game,2823
winner,-1
game,2824
winner,1
game,2825
winner,1
game,2826
winner,-1
game,2827
winner,1
game,2828
winner,-1
game,2829
winner,0
game,2830
winner,-1
game,2831
winner,-1
game,2832
winner,-1
game,2833
winner,-1
game,2834
winner,-1
game,2835
winner,-1
game,2836
winner,1
game,2837
winner,-1
game,2838
winner,-1
game,2839
winner,1
game,2840
winner,1
game,2841
winner,-1
game,2842
winner,-1
game,2843
winner,-1
game,2844
winner,-1
game,2845
winner,0
game,2846
winner,-1
game,2847
winner,-1
game,2848
winner,-1
game,2849
winner,1
game,2850
winner,1
game,2851
winner,-1
game,2852
winner,-1
game,2853
winner,-1
game,2854
winner,-1
game,2855
winner,-1
game,2856
winner,-1
game,2857
winner,0
game,2858
winner,-1
game,2859
winner,-1
game,2860
winner,-1
game,2861
winner,-1
game,2862
winner,1
game,2863
winner,-1
game,2864
winner,-1
game,2865
winner,-1
game,2866
winner,-1
game,2867
winner,-1
game,2868
winner,-1
game,2869
winner,-1
game,2870
winner,-1
game,2871
winner,1
game,2872
winner,-1
game,2873
winner,1
game,2874
winner,-1
game,2875
winner,1
game,2876
winner,-1
game,2877
winner,1
game,2878
winner,-1
game,2879
winner,-1
game,2880
winner,-1
game,2881
winner,-1
game,2882
winner,-1
game,2883
winner,-1
game,2884
winner,-1
game,2885
winner,1
game,2886
winner,-1
game,2887
winner,-1
game,2888
winner,-1
game,2889
winner,-1
game,2890
winner,-1
game,2891
winner,-1
game,2892
winner,-1
game,2893
winner,-1
game,2894
winner,-1
game,2895
winner,-1
game,2896
winner,-1
game,2897
winner,0
game,2898
winner,-1
game,2899
winner,-1
game,2900
winner,1
game,2901
winner,-1
game,2902
winner,-1
game,2903
winner,-1
game,2904
winner,-1
game,2905
winner,1
game,2906
winner,-1
game,2907
winner,1
game,2908
winner,-1
game,2909
winner,-1
game,2910
winner,-1
game,2911
winner,-1
game,2912
winner,1
game,2913
winner,-1
game,2914
winner,-1
game,2915
winner,-1
game,2916
winner,-1
game,2917
winner,1
game,2918
winner,-1
game,2919
winner,-1
game,2920
winner,0
game,2921
winner,1
game,2922
winner,1
game,2923
winner,-1
game,2924
winner,1
game,2925
winner,-1
game,2926
winner,-1
game,2927
winner,1
game,2928
winner,-1
game,2929
winner,-1
game,2930
winner,-1
game,2931
winner,-1
game,2932
winner,-1
game,2933
winner,-1
game,2934
winner,-1
game,2935
winner,-1
game,2936
winner,-1
game,2937
winner,1
game,2938
winner,-1
game,2939
winner,-1
game,2940
winner,-1
game,2941
winner,0
game,2942
winner,-1
game,2943
winner,1
game,2944
winner,-1
game,2945
winner,1
game,2946
winner,1
game,2947
winner,-1
game,2948
winner,-1
game,2949
winner,1
game,2950
winner,1
game,2951
winner,-1
game,2952
winner,-1
game,2953
winner,1
game,2954
winner,-1
game,2955
winner,-1
game,2956
winner,-1
game,2957
winner,1
game,2958
winner,-1
game,2959
winner,-1
game,2960
winner,-1
game,2961
winner,-1
game,2962
winner,-1
game,2963
winner,-1
game,2964
winner,1
game,2965
winner,-1
game,2966
winner,-1
game,2967
winner,-1
game,2968
winner,1
game,2969
winner,-1
game,2970
winner,-1
game,2971
winner,-1
game,2972
winner,-1
game,2973
winner,-1
game,2974
winner,-1
game,2975
winner,-1
game,2976
winner,-1
game,2977
winner,-1
game,2978
winner,-1
game,2979
winner,-1
game,2980
winner,-1
game,2981
winner,-1
game,2982
winner,-1
game,2983
winner,-1
game,2984
winner,-1
game,2985
winner,1
game,2986
winner,-1
game,2987
winner,1
game,2988
winner,-1
game,2989
winner,-1
game,2990
winner,-1
game,2991
winner,-1
game,2992
winner,-1
game,2993
winner,1
game,2994
winner,1
game,2995
winner,-1
game,2996
winner,-1
game,2997
winner,-1
game,2998
winner,-1
game,2999
winner,-1
game,3000
winner,1
game,3001
winner,-1
game,3002
winner,-1
game,3003
winner,-1
game,3004
winner,0
game,3005
winner,-1
game,3006
winner,1
game,3007
winner,-1
game,3008
winner,-1
game,3009
winner,1
game,3010
winner,-1
game,3011
winner,-1
game,3012
winner,-1
game,3013
winner,-1
game,3014
winner,-1
game,3015
winner,1
game,3016
winner,-1
game,3017
winner,-1
game,3018
winner,1
game,3019
winner,-1
game,3020
winner,1
game,3021
winner,-1
game,3022
winner,-1
game,3023
winner,-1
game,3024
winner,-1
game,3025
winner,1
game,3026
winner,-1
game,3027
winner,-1
game,3028
winner,-1
game,3029
winner,-1
game,3030
winner,-1
game,3031
winner,-1
game,3032
winner,-1
game,3033
winner,-1
game,3034
winner,-1
game,3035
winner,-1
game,3036
winner,1
game,3037
winner,-1
game,3038
winner,-1
game,3039
winner,-1
game,3040
winner,1
game,3041
winner,-1
game,3042
winner,-1
game,3043
winner,-1
game,3044
winner,-1
game,3045
winner,-1
game,3046
winner,1
game,3047
winner,1
game,3048
winner,-1
game,3049
winner,1
game,3050
winner,1
game,3051
winner,1
game,3052
winner,-1
game,3053
winner,-1
game,3054
winner,-1
game,3055
winner,-1
game,3056
winner,-1
game,3057
winner,0
game,3058
winner,-1
game,3059
winner,1
game,3060
winner,-1
game,3061
winner,1
game,3062
winner,1
game,3063
winner,-1
game,3064
winner,-1
game,3065
winner,1
game,3066
winner,-1
game,3067
winner,-1
game,3068
winner,-1
game,3069
winner,-1
game,3070
winner,-1
game,3071
winner,-1
game,3072
winner,-1
game,3073
winner,1
game,3074
winner,-1
game,3075
winner,-1
game,3076
winner,1
game,3077
winner,-1
game,3078
winner,-1
game,3079
winner,-1
game,3080
winner,1
game,3081
winner,-1
game,3082
winner,-1
game,3083
winner,1
game,3084
winner,1
game,3085
winner,-1
game,3086
winner,-1
game,3087
winner,-1
game,3088
winner,-1
game,3089
winner,1
game,3090
winner,-1
game,3091
winner,-1
game,3092
winner,-1
game,3093
winner,-1
game,3094
winner,-1
game,3095
winner,-1
game,3096
winner,-1
game,3097
winner,1
game,3098
winner,-1
game,3099
winner,-1
game,3100
winner,-1
game,3101
winner,-1
game,3102
winner,1
game,3103
winner,-1
game,3104
winner,1
game,3105
winner,1
game,3106
winner,1
game,3107
winner,-1
game,3108
winner,-1
game,3109
winner,-1
game,3110
winner,1
game,3111
winner,-1
game,3112
winner,-1
game,3113
winner,-1
game,3114
winner,-1
game,3115
winner,-1
game,3116
winner,-1
game,3117
winner,-1
game,3118
winner,-1
game,3119
winner,1
game,3120
winner,-1
game,3121
winner,-1
game,3122
winner,-1
game,3123
winner,-1
game,3124
winner,-1
game,3125
winner,-1
game,3126
winner,-1
game,3127
winner,1
game,3128
winner,-1
game,3129
winner,-1
game,3130
winner,-1
game,3131
winner,-1
game,3132
winner,-1
game,3133
winner,-1
game,3134
winner,-1
game,3135
winner,1
game,3136
winner,-1
game,3137
winner,-1
game,3138
winner,-1
game,3139
winner,1
game,3140
winner,-1
game,3141
winner,-1
game,3142
winner,1
game,3143
winner,-1
game,3144
winner,-1
game,3145
winner,-1
game,3146
winner,-1
game,3147
winner,-1
game,3148
winner,-1
game,3149
winner,-1
game,3150
winner,-1
game,3151
winner,-1
game,3152
winner,-1
game,3153
winner,-1
game,3154
winner,1
game,3155
winner,-1
game,3156
winner,1
game,3157
winner,-1
game,3158
winner,-1
game,3159
winner,-1
game,3160
winner,1
game,3161
winner,-1
game,3162
winner,-1
game,3163
winner,-1
game,3164
winner,-1
game,3165
winner,-1
game,3166
winner,1
game,3167
winner,-1
game,3168
winner,-1
game,3169
winner,-1
game,3170
winner,-1
game,3171
winner,-1
game,3172
winner,-1
game,3173
winner,-1
game,3174
winner,-1
game,3175
winner,-1
game,3176
winner,-1
game,3177
winner,-1
game,3178
winner,-1
game,3179
winner,-1
game,3180
winner,-1
game,3181
winner,-1
game,3182
winner,-1
game,3183
winner,-1
game,3184
winner,-1
game,3185
winner,-1
game,3186
winner,-1
game,3187
winner,1
game,3188
winner,-1
game,3189
winner,-1
game,3190
winner,-1
game,3191
winner,-1
game,3192
winner,-1
game,3193
winner,-1
game,3194
winner,-1
game,3195
winner,1
game,3196
winner,1
game,3197
winner,-1
game,3198
winner,-1
game,3199
winner,1
game,3200
winner,-1
game,3201
winner,-1
game,3202
winner,-1
game,3203
winner,1
game,3204
winner,-1
game,3205
winner,-1
game,3206
winner,1
game,3207
winner,-1
game,3208
winner,-1
game,3209
winner,-1
game,3210
winner,0
game,3211
winner,-1
game,3212
winner,-1
game,3213
winner,1
game,3214
winner,-1
game,3215
winner,-1
game,3216
winner,-1
game,3217
winner,-1
game,3218
winner,-1
game,3219
winner,-1
game,3220
winner,-1
game,3221
winner,-1
game,3222
winner,-1
game,3223
winner,-1
game,3224
winner,-1
game,3225
winner,-1
game,3226
winner,-1
game,3227
winner,-1
game,3228
winner,-1
game,3229
winner,-1
game,3230
winner,1
game,3231
winner,0
game,3232
winner,-1
game,3233
winner,-1
game,3234
winner,-1
game,3235
winner,-1
game,3236
winner,-1
game,3237
winner,-1
game,3238
winner,1
game,3239
winner,1
game,3240
winner,1
game,3241
winner,-1
game,3242
winner,-1
game,3243
winner,-1
game,3244
winner,1
game,3245
winner,-1
game,3246
winner,-1
game,3247
winner,-1
game,3248
winner,-1
game,3249
winner,-1
game,3250
winner,-1
game,3251
winner,-1
game,3252
winner,-1
game,3253
winner,-1
game,3254
winner,-1
game,3255
winner,-1
game,3256
winner,-1
game,3257
winner,1
game,3258
winner,-1
game,3259
winner,-1
game,3260
winner,-1
game,3261
winner,-1
game,3262
winner,1
game,3263
winner,-1
game,3264
winner,-1
game,3265
winner,-1
game,3266
winner,-1
game,3267
winner,-1
game,3268
winner,-1
game,3269
winner,-1
game,3270
winner,-1
game,3271
winner,-1
game,3272
winner,-1
game,3273
winner,-1
game,3274
winner,-1
game,3275
winner,-1
game,3276
winner,-1
game,3277
winner,-1
game,3278
winner,-1
game,3279
winner,-1
game,3280
winner,-1
game,3281
winner,-1
game,3282
winner,-1
game,3283
winner,-1
game,3284
winner,-1
game,3285
winner,-1
game,3286
winner,-1
game,3287
winner,-1
game,3288
winner,-1
game,3289
winner,-1
game,3290
winner,-1
game,3291
winner,-1
game,3292
winner,1
game,3293
winner,1
game,3294
winner,1
game,3295
winner,1
game,3296
winner,-1
game,3297
winner,-1
game,3298
winner,-1
game,3299
winner,1
game,3300
winner,-1
game,3301
winner,-1
game,3302
winner,-1
game,3303
winner,1
game,3304
winner,-1
game,3305
winner,-1
game,3306
winner,-1
game,3307
winner,-1
game,3308
winner,-1
game,3309
winner,-1
game,3310
winner,1
game,3311
winner,-1
game,3312
winner,-1
game,3313
winner,-1
game,3314
winner,-1
game,3315
winner,-1
game,3316
winner,-1
game,3317
winner,1
game,3318
winner,-1
game,3319
winner,-1
game,3320
winner,-1
game,3321
winner,-1
game,3322
winner,-1
game,3323
winner,-1
game,3324
winner,-1
game,3325
winner,0
game,3326
winner,-1
game,3327
winner,1
game,3328
winner,-1
game,3329
winner,-1
game,3330
winner,-1
game,3331
winner,-1
game,3332
winner,-1
game,3333
winner,0
game,3334
winner,-1
game,3335
winner,-1
game,3336
winner,1
game,3337
winner,-1
game,3338
winner,-1
game,3339
winner,-1
game,3340
winner,-1
game,3341
winner,1
game,3342
winner,-1
game,3343
winner,-1
game,3344
winner,-1
game,3345
winner,-1
game,3346
winner,-1
game,3347
winner,-1
game,3348
winner,1
game,3349
winner,-1
game,3350
winner,-1
game,3351
winner,-1
game,3352
winner,-1
game,3353
winner,1
game,3354
winner,-1
game,3355
winner,-1
game,3356
winner,1
game,3357
winner,-1
game,3358
winner,-1
game,3359
winner,-1
game,3360
winner,-1
game,3361
winner,1
game,3362
winner,-1
game,3363
winner,-1
game,3364
winner,-1
game,3365
winner,-1
game,3366
winner,-1
game,3367
winner,-1
game,3368
winner,1
game,3369
winner,-1
game,3370
winner,-1
game,3371
winner,-1
game,3372
winner,0
game,3373
winner,-1
game,3374
winner,-1
game,3375
winner,-1
game,3376
winner,-1
game,3377
winner,-1
game,3378
winner,0
game,3379
winner,1
game,3380
winner,-1
game,3381
winner,-1
game,3382
winner,-1
game,3383
winner,-1
game,3384
winner,-1
game,3385
winner,-1
game,3386
winner,1
game,3387
winner,-1
game,3388
winner,-1
game,3389
winner,0
game,3390
winner,-1
game,3391
winner,-1
game,3392
winner,-1
game,3393
winner,-1
game,3394
winner,-1
game,3395
winner,-1
game,3396
winner,-1
game,3397
winner,-1
game,3398
winner,-1
game,3399
winner,-1
game,3400
winner,1
game,3401
winner,-1
game,3402
winner,-1
game,3403
winner,-1
game,3404
winner,-1
game,3405
winner,-1
game,3406
winner,-1
game,3407
winner,-1
game,3408
winner,0
game,3409
winner,-1
game,3410
winner,-1
game,3411
winner,-1
game,3412
winner,1
game,3413
winner,-1
game,3414
winner,-1
game,3415
winner,-1
game,3416
winner,-1
game,3417
winner,-1
game,3418
winner,-1
game,3419
winner,-1
game,3420
winner,-1
game,3421
winner,-1
game,3422
winner,-1
game,3423
winner,-1
game,3424
winner,-1
game,3425
winner,-1
game,3426
winner,-1
game,3427
winner,-1
game,3428
winner,-1
game,3429
winner,-1
game,3430
winner,-1
game,3431
winner,-1
game,3432
winner,-1
game,3433
winner,-1
game,3434
winner,-1
game,3435
winner,-1
game,3436
winner,1
game,3437
winner,-1
game,3438
winner,-1
game,3439
winner,-1
game,3440
winner,1
game,3441
winner,-1
game,3442
winner,-1
game,3443
winner,-1
game,3444
winner,-1
game,3445
winner,-1
game,3446
winner,-1
game,3447
winner,-1
game,3448
winner,-1
game,3449
winner,1
game,3450
winner,-1
game,3451
winner,-1
game,3452
winner,-1
game,3453
winner,-1
game,3454
winner,-1
game,3455
winner,-1
game,3456
winner,-1
game,3457
winner,-1
game,3458
winner,-1
game,3459
winner,1
game,3460
winner,-1
game,3461
winner,-1
game,3462
winner,1
game,3463
winner,-1
game,3464
winner,-1
game,3465
winner,-1
game,3466
winner,1
game,3467
winner,1
game,3468
winner,1
game,3469
winner,-1
game,3470
winner,-1
game,3471
winner,-1
game,3472
winner,1
game,3473
winner,-1
game,3474
winner,-1
game,3475
winner,-1
game,3476
winner,1
game,3477
winner,1
game,3478
winner,-1
game,3479
winner,-1
game,3480
winner,1
game,3481
winner,-1
game,3482
winner,1
game,3483
winner,-1
game,3484
winner,-1
game,3485
winner,-1
game,3486
winner,-1
game,3487
winner,-1
game,3488
winner,-1
game,3489
winner,-1
game,3490
winner,-1
game,3491
winner,1
game,3492
winner,-1
game,3493
winner,-1
game,3494
winner,-1
game,3495
winner,-1
game,3496
winner,1
game,3497
winner,1
game,3498
winner,-1
game,3499
winner,-1
game,3500
winner,-1
game,3501
winner,-1
game,3502
winner,-1
game,3503
winner,-1
game,3504
winner,-1
game,3505
winner,1
game,3506
winner,-1
game,3507
winner,-1
game,3508
winner,1
game,3509
winner,-1
game,3510
winner,0
game,3511
winner,-1
game,3512
winner,-1
game,3513
winner,-1
game,3514
winner,-1
game,3515
winner,-1
game,3516
winner,1
game,3517
winner,-1
game,3518
winner,-1
game,3519
winner,-1
game,3520
winner,1
game,3521
winner,-1
game,3522
winner,-1
game,3523
winner,-1
game,3524
winner,1
game,3525
winner,-1
game,3526
winner,-1
game,3527
winner,1
game,3528
winner,-1
game,3529
winner,-1
game,3530
winner,-1
game,3531
winner,-1
game,3532
winner,1
game,3533
winner,1
game,3534
winner,-1
game,3535
winner,-1
game,3536
winner,-1
game,3537
winner,-1
game,3538
winner,-1
game,3539
winner,-1
game,3540
winner,-1
game,3541
winner,-1
game,3542
winner,-1
game,3543
winner,1
game,3544
winner,-1
game,3545
winner,-1
game,3546
winner,-1
game,3547
winner,-1
game,3548
winner,-1
game,3549
winner,-1
game,3550
winner,-1
game,3551
winner,-1
game,3552
winner,1
game,3553
winner,-1
game,3554
winner,1
game,3555
winner,-1
game,3556
winner,-1
game,3557
winner,-1
game,3558
winner,-1
game,3559
winner,1
game,3560
winner,-1
game,3561
winner,1
game,3562
winner,1
game,3563
winner,-1
game,3564
winner,1
game,3565
winner,1
game,3566
winner,-1
game,3567
winner,-1
game,3568
winner,1
game,3569
winner,-1
game,3570
winner,-1
game,3571
winner,-1
game,3572
winner,-1
game,3573
winner,-1
game,3574
winner,-1
game,3575
winner,-1
game,3576
winner,-1
game,3577
winner,-1
game,3578
winner,1
game,3579
winner,-1
game,3580
winner,0
game,3581
winner,0
game,3582
winner,-1
game,3583
winner,-1
game,3584
winner,-1
game,3585
winner,-1
game,3586
winner,-1
game,3587
winner,-1
game,3588
winner,-1
game,3589
winner,-1
game,3590
winner,-1
game,3591
winner,-1
game,3592
winner,-1
game,3593
winner,1
game,3594
winner,1
game,3595
winner,-1
game,3596
winner,-1
game,3597
winner,-1
game,3598
winner,-1
game,3599
winner,-1
game,3600
winner,-1
game,3601
winner,-1
game,3602
winner,-1
game,3603
winner,-1
game,3604
winner,-1
game,3605
winner,-1
game,3606
winner,-1
game,3607
winner,-1
game,3608
winner,-1
game,3609
winner,-1
game,3610
winner,-1
game,3611
winner,-1
game,3612
winner,-1
game,3613
winner,-1
game,3614
winner,-1
game,3615
winner,-1
game,3616
winner,-1
game,3617
winner,-1
game,3618
winner,-1
game,3619
winner,-1
game,3620
winner,-1
game,3621
winner,0
game,3622
winner,-1
game,3623
winner,-1
game,3624
winner,1
game,3625
winner,-1
game,3626
winner,-1
game,3627
winner,-1
game,3628
winner,-1
game,3629
winner,-1
game,3630
winner,-1
game,3631
winner,-1
game,3632
winner,-1
game,3633
winner,-1
game,3634
winner,-1
game,3635
winner,-1
game,3636
winner,-1
game,3637
winner,-1
game,3638
winner,-1
game,3639
winner,-1
game,3640
winner,-1
game,3641
winner,-1
game,3642
winner,-1
game,3643
winner,1
game,3644
winner,-1
game,3645
winner,-1
game,3646
winner,1
game,3647
winner,-1
game,3648
winner,-1
game,3649
winner,1
game,3650
winner,-1
game,3651
winner,-1
game,3652
winner,1
game,3653
winner,-1
game,3654
winner,1
game,3655
winner,0
game,3656
winner,1
game,3657
winner,-1
game,3658
winner,-1
game,3659
winner,-1
game,3660
winner,-1
game,3661
winner,-1
game,3662
winner,-1
game,3663
winner,-1
game,3664
winner,1
game,3665
winner,-1
game,3666
winner,0
game,3667
winner,-1
game,3668
winner,-1
game,3669
winner,1
game,3670
winner,-1
game,3671
winner,-1
game,3672
winner,1
game,3673
winner,-1
game,3674
winner,-1
game,3675
winner,0
game,3676
winner,-1
game,3677
winner,-1
game,3678
winner,-1
game,3679
winner,-1
game,3680
winner,-1
game,3681
winner,-1
game,3682
winner,-1
game,3683
winner,-1
game,3684
winner,-1
game,3685
winner,1
game,3686
winner,-1
game,3687
winner,-1
game,3688
winner,-1
game,3689
winner,-1
game,3690
winner,-1
game,3691
winner,-1
game,3692
winner,-1
game,3693
winner,-1
game,3694
winner,1
game,3695
winner,-1
game,3696
winner,-1
game,3697
winner,-1
game,3698
winner,-1
game,3699
winner,-1
game,3700
winner,-1
game,3701
winner,-1
game,3702
winner,-1
game,3703
winner,-1
game,3704
winner,-1
game,3705
winner,1
game,3706
winner,-1
game,3707
winner,-1
game,3708
winner,-1
game,3709
winner,-1
game,3710
winner,-1
game,3711
winner,1
game,3712
winner,-1
game,3713
winner,1
game,3714
winner,-1
game,3715
winner,1
game,3716
winner,-1
game,3717
winner,-1
game,3718
winner,-1
game,3719
winner,1
game,3720
winner,-1
game,3721
winner,1
game,3722
winner,-1
game,3723
winner,0
game,3724
winner,-1
game,3725
winner,-1
game,3726
winner,-1
game,3727
winner,1
game,3728
winner,-1
game,3729
winner,1
game,3730
winner,-1
game,3731
winner,1
game,3732
winner,-1
game,3733
winner,-1
game,3734
winner,-1
game,3735
winner,-1
game,3736
winner,-1
game,3737
winner,-1
game,3738
winner,-1
game,3739
winner,-1
game,3740
winner,-1
game,3741
winner,-1
game,3742
winner,-1
game,3743
winner,1
game,3744
winner,-1
game,3745
winner,-1
game,3746
winner,-1
game,3747
winner,-1
game,3748
winner,-1
game,3749
winner,-1
game,3750
winner,-1
game,3751
winner,-1
game,3752
winner,-1
game,3753
winner,-1
game,3754
winner,-1
game,3755
winner,-1
game,3756
winner,-1
game,3757
winner,-1
game,3758
winner,-1
game,3759
winner,-1
game,3760
winner,-1
game,3761
winner,-1
game,3762
winner,-1
game,3763
winner,-1
game,3764
winner,-1
game,3765
winner,-1
game,3766
winner,-1
game,3767
winner,1
game,3768
winner,-1
game,3769
winner,-1
game,3770
winner,-1
game,3771
winner,-1
game,3772
winner,-1
game,3773
winner,-1
game,3774
winner,-1
game,3775
winner,1
game,3776
winner,-1
game,3777
winner,-1
game,3778
winner,-1
game,3779
winner,-1
game,3780
winner,1
game,3781
winner,-1
game,3782
winner,-1
game,3783
winner,-1
game,3784
winner,-1
game,3785
winner,-1
game,3786
winner,-1
game,3787
winner,-1
game,3788
winner,-1
game,3789
winner,-1
game,3790
winner,-1
game,3791
winner,-1
game,3792
winner,-1
game,3793
winner,-1
game,3794
winner,-1
game,3795
winner,-1
game,3796
winner,-1
game,3797
winner,-1
game,3798
winner,-1
game,3799
winner,-1
game,3800
winner,-1
game,3801
winner,-1
game,3802
winner,-1
game,3803
winner,-1
game,3804
winner,-1
game,3805
winner,1
game,3806
winner,-1
game,3807
winner,0
game,3808
winner,-1
game,3809
winner,-1
game,3810
winner,-1
game,3811
winner,-1
game,3812
winner,-1
game,3813
winner,-1
game,3814
winner,-1
game,3815
winner,-1
game,3816
winner,1
game,3817
winner,-1
game,3818
winner,-1
game,3819
winner,-1
game,3820
winner,-1
game,3821
winner,1
game,3822
winner,-1
game,3823
winner,-1
game,3824
winner,1
game,3825
winner,-1
game,3826
winner,1
game,3827
winner,0
game,3828
winner,-1
game,3829
winner,-1
game,3830
winner,-1
game,3831
winner,-1
game,3832
winner,-1
game,3833
winner,-1
game,3834
winner,-1
game,3835
winner,-1
game,3836
winner,-1
game,3837
winner,-1
game,3838
winner,-1
game,3839
winner,-1
game,3840
winner,-1
game,3841
winner,-1
game,3842
winner,-1
game,3843
winner,-1
game,3844
winner,-1
game,3845
winner,-1
game,3846
winner,-1
game,3847
winner,-1
game,3848
winner,-1
game,3849
winner,-1
game,3850
winner,-1
game,3851
winner,-1
game,3852
winner,-1
game,3853
winner,-1
game,3854
winner,-1
game,3855
winner,-1
game,3856
winner,-1
game,3857
winner,-1
game,3858
winner,1
game,3859
winner,-1
game,3860
winner,-1
game,3861
winner,-1
game,3862
winner,-1
game,3863
winner,-1
game,3864
winner,-1
game,3865
winner,-1
game,3866
winner,-1
game,3867
winner,-1
game,3868
winner,-1
game,3869
winner,1
game,3870
winner,-1
game,3871
winner,-1
game,3872
winner,-1
game,3873
winner,-1
game,3874
winner,-1
game,3875
winner,-1
game,3876
winner,-1
game,3877
winner,-1
game,3878
winner,-1
game,3879
winner,-1
game,3880
winner,-1
game,3881
winner,-1
game,3882
winner,1
game,3883
winner,-1
game,3884
winner,-1
game,3885
winner,0
game,3886
winner,-1
game,3887
winner,-1
game,3888
winner,-1
game,3889
winner,-1
game,3890
winner,-1
game,3891
winner,-1
game,3892
winner,-1
game,3893
winner,1
game,3894
winner,-1
game,3895
winner,-1
game,3896
winner,-1
game,3897
winner,-1
game,3898
winner,-1
game,3899
winner,-1
game,3900
winner,-1
game,3901
winner,-1
game,3902
winner,1
game,3903
winner,1
game,3904
winner,1
game,3905
winner,1
game,3906
winner,-1
game,3907
winner,-1
game,3908
winner,-1
game,3909
winner,-1
game,3910
winner,-1
game,3911
winner,1
game,3912
winner,-1
game,3913
winner,-1
game,3914
winner,-1
game,3915
winner,1
game,3916
winner,-1
game,3917
winner,-1
game,3918
winner,1
game,3919
winner,1
game,3920
winner,-1
game,3921
winner,-1
game,3922
winner,-1
game,3923
winner,-1
game,3924
winner,-1
game,3925
winner,-1
game,3926
winner,-1
game,3927
winner,-1
game,3928
winner,-1
game,3929
winner,-1
game,3930
winner,-1
game,3931
winner,-1
game,3932
winner,-1
game,3933
winner,-1
game,3934
winner,1
game,3935
winner,-1
game,3936
winner,-1
game,3937
winner,-1
game,3938
winner,1
game,3939
winner,-1
game,3940
winner,-1
game,3941
winner,-1
game,3942
winner,-1
game,3943
winner,-1
game,3944
winner,-1
game,3945
winner,1
game,3946
winner,-1
game,3947
winner,-1
game,3948
winner,1
game,3949
winner,-1
game,3950
winner,-1
game,3951
winner,1
game,3952
winner,1
game,3953
winner,-1
game,3954
winner,1
game,3955
winner,-1
game,3956
winner,-1
game,3957
winner,1
game,3958
winner,-1
game,3959
winner,-1
game,3960
winner,1
game,3961
winner,0
game,3962
winner,-1
game,3963
winner,-1
game,3964
winner,1
game,3965
winner,-1
game,3966
winner,1
game,3967
winner,-1
game,3968
winner,-1
game,3969
winner,1
game,3970
winner,0
game,3971
winner,-1
game,3972
winner,1
game,3973
winner,1
game,3974
winner,1
game,3975
winner,-1
game,3976
winner,-1
game,3977
winner,-1
game,3978
winner,-1
game,3979
winner,-1
game,3980
winner,-1
game,3981
winner,-1
game,3982
winner,-1
game,3983
winner,-1
game,3984
winner,-1
game,3985
winner,-1
game,3986
winner,-1
game,3987
winner,-1
game,3988
winner,1
game,3989
winner,-1
game,3990
winner,-1
game,3991
winner,1
game,3992
winner,-1
game,3993
winner,-1
game,3994
winner,-1
game,3995
winner,-1
game,3996
winner,-1
game,3997
winner,-1
game,3998
winner,-1
game,3999
winner,-1
game,4000
winner,-1
game,4001
winner,1
game,4002
winner,-1
game,4003
winner,-1
game,4004
winner,1
game,4005
winner,1
game,4006
winner,-1
game,4007
winner,-1
game,4008
winner,-1
game,4009
winner,-1
game,4010
winner,-1
game,4011
winner,0
game,4012
winner,-1
game,4013
winner,-1
game,4014
winner,-1
game,4015
winner,-1
game,4016
winner,1
game,4017
winner,-1
game,4018
winner,-1
game,4019
winner,-1
game,4020
winner,0
game,4021
winner,1
game,4022
winner,-1
game,4023
winner,-1
game,4024
winner,-1
game,4025
winner,1
game,4026
winner,-1
game,4027
winner,-1
game,4028
winner,-1
game,4029
winner,1
game,4030
winner,1
game,4031
winner,-1
game,4032
winner,1
game,4033
winner,-1
game,4034
winner,-1
game,4035
winner,-1
game,4036
winner,-1
game,4037
winner,0
game,4038
winner,-1
game,4039
winner,-1
game,4040
winner,-1
game,4041
winner,-1
game,4042
winner,-1
game,4043
winner,-1
game,4044
winner,-1
game,4045
winner,-1
game,4046
winner,-1
game,4047
winner,-1
game,4048
winner,1
game,4049
winner,-1
game,4050
winner,0
game,4051
winner,-1
game,4052
winner,-1
game,4053
winner,-1
game,4054
winner,1
game,4055
winner,1
game,4056
winner,-1
game,4057
winner,-1
game,4058
winner,-1
game,4059
winner,-1
game,4060
winner,-1
game,4061
winner,-1
game,4062
winner,-1
game,4063
winner,1
game,4064
winner,1
game,4065
winner,1
game,4066
winner,-1
game,4067
winner,1
game,4068
winner,-1
game,4069
winner,1
game,4070
winner,-1
game,4071
winner,-1
game,4072
winner,-1
game,4073
winner,1
game,4074
winner,-1
game,4075
winner,0
game,4076
winner,1
game,4077
winner,-1
game,4078
winner,-1
game,4079
winner,1
game,4080
winner,-1
game,4081
winner,-1
game,4082
winner,-1
game,4083
winner,-1
game,4084
winner,-1
game,4085
winner,-1
game,4086
winner,-1
game,4087
winner,-1
game,4088
winner,-1
game,4089
winner,1
game,4090
winner,-1
game,4091
winner,-1
game,4092
winner,-1
game,4093
winner,1
game,4094
winner,-1
game,4095
winner,1
game,4096
winner,-1
game,4097
winner,-1
game,4098
winner,-1
game,4099
winner,-1
game,4100
winner,-1
game,4101
winner,-1
game,4102
winner,-1
game,4103
winner,-1
game,4104
winner,-1
game,4105
winner,-1
game,4106
winner,-1
game,4107
winner,-1
game,4108
winner,-1
game,4109
winner,-1
game,4110
winner,-1
game,4111
winner,-1
game,4112
winner,-1
game,4113
winner,-1
game,4114
winner,1
game,4115
winner,-1
game,4116
winner,-1
game,4117
winner,-1
game,4118
winner,1
game,4119
winner,-1
game,4120
winner,1
game,4121
winner,-1
game,4122
winner,1
game,4123
winner,-1
game,4124
winner,1
game,4125
winner,1
game,4126
winner,-1
game,4127
winner,1
game,4128
winner,0
game,4129
winner,-1
game,4130
winner,-1
game,4131
winner,-1
game,4132
winner,1
game,4133
winner,-1
game,4134
winner,-1
game,4135
winner,-1
game,4136
winner,-1
game,4137
winner,-1
game,4138
winner,0
game,4139
winner,-1
game,4140
winner,-1
game,4141
winner,-1
game,4142
winner,-1
game,4143
winner,0
game,4144
winner,-1
game,4145
winner,-1
game,4146
winner,-1
game,4147
winner,-1
game,4148
winner,-1
game,4149
winner,1
game,4150
winner,-1
game,4151
winner,-1
game,4152
winner,-1
game,4153
winner,-1
game,4154
winner,-1
game,4155
winner,-1
game,4156
winner,-1
game,4157
winner,-1
game,4158
winner,-1
game,4159
winner,-1
game,4160
winner,-1
game,4161
winner,-1
game,4162
winner,1
game,4163
winner,-1
game,4164
winner,-1
game,4165
winner,-1
game,4166
winner,-1
game,4167
winner,-1
game,4168
winner,-1
game,4169
winner,-1
game,4170
winner,-1
game,4171
winner,-1
game,4172
winner,-1
game,4173
winner,-1
game,4174
winner,-1
game,4175
winner,-1
game,4176
winner,1
game,4177
winner,-1
game,4178
winner,-1
game,4179
winner,-1
game,4180
winner,-1
game,4181
winner,-1
game,4182
winner,-1
game,4183
winner,-1
game,4184
winner,-1
game,4185
winner,-1
game,4186
winner,0
game,4187
winner,-1
game,4188
winner,-1
game,4189
winner,1
game,4190
winner,-1
game,4191
winner,-1
game,4192
winner,1
game,4193
winner,-1
game,4194
winner,-1
game,4195
winner,0
game,4196
winner,-1
game,4197
winner,-1
game,4198
winner,-1
game,4199
winner,-1
game,4200
winner,-1
game,4201
winner,-1
game,4202
winner,-1
game,4203
winner,-1
game,4204
winner,-1
game,4205
winner,-1
game,4206
winner,-1
game,4207
winner,-1
game,4208
winner,-1
game,4209
winner,-1
game,4210
winner,-1
game,4211
winner,-1
game,4212
winner,-1
game,4213
winner,-1
game,4214
winner,-1
game,4215
winner,1
game,4216
winner,-1
game,4217
winner,-1
game,4218
winner,1
game,4219
winner,-1
game,4220
winner,1
game,4221
winner,1
game,4222
winner,1
game,4223
winner,-1
game,4224
winner,-1
game,4225
winner,-1
game,4226
winner,-1
game,4227
winner,-1
game,4228
winner,1
game,4229
winner,-1
game,4230
winner,-1
game,4231
winner,-1
game,4232
winner,-1
game,4233
winner,-1
game,4234
winner,1
game,4235
winner,1
game,4236
winner,-1
game,4237
winner,1
game,4238
winner,1
game,4239
winner,-1
game,4240
winner,-1
game,4241
winner,-1
game,4242
winner,-1
game,4243
winner,-1
game,4244
winner,-1
game,4245
winner,1
game,4246
winner,-1
game,4247
winner,-1
game,4248
winner,1
game,4249
winner,-1
game,4250
winner,-1
game,4251
winner,-1
game,4252
winner,-1
game,4253
winner,-1
game,4254
winner,-1
game,4255
winner,-1
game,4256
winner,1
game,4257
winner,0
game,4258
winner,-1
game,4259
winner,-1
game,4260
winner,-1
game,4261
winner,1
game,4262
winner,-1
game,4263
winner,-1
game,4264
winner,1
game,4265
winner,-1
game,4266
winner,-1
game,4267
winner,1
game,4268
winner,-1
game,4269
winner,-1
game,4270
winner,0
game,4271
winner,-1
game,4272
winner,-1
game,4273
winner,-1
game,4274
winner,-1
game,4275
winner,-1
game,4276
winner,-1
game,4277
winner,-1
game,4278
winner,-1
game,4279
winner,-1
game,4280
winner,-1
game,4281
winner,-1
game,4282
winner,-1
game,4283
winner,-1
game,4284
winner,-1
game,4285
winner,-1
game,4286
winner,-1
game,4287
winner,-1
game,4288
winner,1
game,4289
winner,-1
game,4290
winner,-1
game,4291
winner,-1
game,4292
winner,-1
game,4293
winner,1
game,4294
winner,1
game,4295
winner,-1
game,4296
winner,1
game,4297
winner,-1
game,4298
winner,0
game,4299
winner,-1
game,4300
winner,-1
game,4301
winner,-1
game,4302
winner,1
game,4303
winner,-1
game,4304
winner,-1
game,4305
winner,-1
game,4306
winner,-1
game,4307
winner,-1
game,4308
winner,-1
game,4309
winner,-1
game,4310
winner,-1
game,4311
winner,-1
game,4312
winner,-1
game,4313
winner,-1
game,4314
winner,-1
game,4315
winner,-1
game,4316
winner,-1
game,4317
winner,-1
game,4318
winner,-1
game,4319
winner,-1
game,4320
winner,1
game,4321
winner,-1
game,4322
winner,-1
game,4323
winner,-1
game,4324
winner,-1
game,4325
winner,-1
game,4326
winner,-1
game,4327
winner,-1
game,4328
winner,-1
game,4329
winner,-1
game,4330
winner,1
game,4331
winner,-1
game,4332
winner,-1
game,4333
winner,1
game,4334
winner,-1
game,4335
winner,-1
game,4336
winner,-1
game,4337
winner,-1
game,4338
winner,-1
game,4339
winner,-1
game,4340
winner,-1
game,4341
winner,-1
game,4342
winner,-1
game,4343
winner,-1
game,4344
winner,1
game,4345
winner,-1
game,4346
winner,-1
game,4347
winner,-1
game,4348
winner,1
game,4349
winner,-1
game,4350
winner,-1
game,4351
winner,-1
game,4352
winner,-1
game,4353
winner,-1
game,4354
winner,-1
game,4355
winner,-1
game,4356
winner,-1
game,4357
winner,-1
game,4358
winner,-1
game,4359
winner,-1
game,4360
winner,-1
game,4361
winner,-1
game,4362
winner,-1
game,4363
winner,-1
game,4364
winner,0
game,4365
winner,1
game,4366
winner,1
game,4367
winner,-1
game,4368
winner,-1
game,4369
winner,1
game,4370
winner,1
game,4371
winner,1
game,4372
winner,-1
game,4373
winner,-1
game,4374
winner,-1
game,4375
winner,-1
game,4376
winner,-1
game,4377
winner,-1
game,4378
winner,1
game,4379
winner,1
game,4380
winner,1
game,4381
winner,0
game,4382
winner,-1
game,4383
winner,1
game,4384
winner,1
game,4385
winner,-1
game,4386
winner,-1
game,4387
winner,-1
game,4388
winner,-1
game,4389
winner,-1
game,4390
winner,-1
game,4391
winner,-1
game,4392
winner,-1
game,4393
winner,-1
game,4394
winner,1
game,4395
winner,-1
game,4396
winner,0
game,4397
winner,-1
game,4398
winner,-1
game,4399
winner,-1
game,4400
winner,-1
game,4401
winner,-1
game,4402
winner,-1
game,4403
winner,-1
game,4404
winner,-1
game,4405
winner,-1
game,4406
winner,-1
game,4407
winner,-1
game,4408
winner,-1
game,4409
winner,-1
game,4410
winner,-1
game,4411
winner,-1
game,4412
winner,1
game,4413
winner,1
game,4414
winner,-1
game,4415
winner,-1
game,4416
winner,1
game,4417
winner,-1
game,4418
winner,1
game,4419
winner,-1
game,4420
winner,-1
game,4421
winner,-1
game,4422
winner,-1
game,4423
winner,-1
game,4424
winner,-1
game,4425
winner,-1
game,4426
winner,-1
game,4427
winner,1
game,4428
winner,-1
game,4429
winner,-1
game,4430
winner,-1
game,4431
winner,-1
game,4432
winner,1
game,4433
winner,-1
game,4434
winner,-1
game,4435
winner,-1
game,4436
winner,-1
game,4437
winner,-1
game,4438
winner,-1
game,4439
winner,-1
game,4440
winner,-1
game,4441
winner,-1
game,4442
winner,-1
game,4443
winner,-1
game,4444
winner,-1
game,4445
winner,-1
game,4446
winner,-1
game,4447
winner,-1
game,4448
winner,-1
game,4449
winner,-1
game,4450
winner,-1
game,4451
winner,-1
game,4452
winner,-1
game,4453
winner,-1
game,4454
winner,-1
game,4455
winner,1
game,4456
winner,-1
game,4457
winner,-1
game,4458
winner,-1
game,4459
winner,1
game,4460
winner,1
game,4461
winner,-1
game,4462
winner,1
game,4463
winner,-1
game,4464
winner,-1
game,4465
winner,-1
game,4466
winner,-1
game,4467
winner,-1
game,4468
winner,-1
game,4469
winner,-1
game,4470
winner,-1
game,4471
winner,-1
game,4472
winner,-1
game,4473
winner,-1
game,4474
winner,0
game,4475
winner,-1
game,4476
winner,-1
game,4477
winner,-1
game,4478
winner,-1
game,4479
winner,1
game,4480
winner,-1
game,4481
winner,-1
game,4482
winner,1
game,4483
winner,0
game,4484
winner,0
game,4485
winner,-1
game,4486
winner,-1
game,4487
winner,1
game,4488
winner,-1
game,4489
winner,-1
game,4490
winner,-1
game,4491
winner,1
game,4492
winner,-1
game,4493
winner,1
game,4494
winner,-1
game,4495
winner,1
game,4496
winner,-1
game,4497
winner,-1
game,4498
winner,-1
game,4499
winner,0
game,4500
winner,-1
game,4501
winner,-1
game,4502
winner,-1
game,4503
winner,-1
game,4504
winner,-1
game,4505
winner,-1
game,4506
winner,-1
game,4507
winner,0
game,4508
winner,-1
game,4509
winner,-1
game,4510
winner,1
game,4511
winner,-1
game,4512
winner,-1
game,4513
winner,-1
game,4514
winner,-1
game,4515
winner,1
game,4516
winner,-1
game,4517
winner,-1
game,4518
winner,1
game,4519
winner,-1
game,4520
winner,-1
game,4521
winner,-1
game,4522
winner,-1
game,4523
winner,-1
game,4524
winner,-1
game,4525
winner,-1
game,4526
winner,-1
game,4527
winner,-1
game,4528
winner,1
game,4529
winner,-1
game,4530
winner,-1
game,4531
winner,-1
game,4532
winner,-1
game,4533
winner,1
game,4534
winner,-1
game,4535
winner,-1
game,4536
winner,-1
game,4537
winner,-1
game,4538
winner,-1
game,4539
winner,-1
game,4540
winner,-1
game,4541
winner,0
game,4542
winner,-1
game,4543
winner,-1
game,4544
winner,-1
game,4545
winner,-1
game,4546
winner,-1
game,4547
winner,-1
game,4548
winner,-1
game,4549
winner,-1
game,4550
winner,1
game,4551
winner,-1
game,4552
winner,1
game,4553
winner,-1
game,4554
winner,-1
game,4555
winner,-1
game,4556
winner,-1
game,4557
winner,-1
game,4558
winner,1
game,4559
winner,-1
game,4560
winner,-1
game,4561
winner,-1
game,4562
winner,-1
game,4563
winner,-1
game,4564
winner,-1
game,4565
winner,-1
game,4566
winner,-1
game,4567
winner,-1
game,4568
winner,-1
game,4569
winner,1
game,4570
winner,-1
game,4571
winner,-1
game,4572
winner,-1
game,4573
winner,-1
game,4574
winner,-1
game,4575
winner,-1
game,4576
winner,-1
game,4577
winner,-1
game,4578
winner,-1
game,4579
winner,-1
game,4580
winner,-1
game,4581
winner,-1
game,4582
winner,-1
game,4583
winner,-1
game,4584
winner,-1
game,4585
winner,-1
game,4586
winner,0
game,4587
winner,-1
game,4588
winner,-1
game,4589
winner,-1
game,4590
winner,-1
game,4591
winner,1
game,4592
winner,-1
game,4593
winner,-1
game,4594
winner,-1
game,4595
winner,-1
game,4596
winner,1
game,4597
winner,1
game,4598
winner,1
game,4599
winner,1
game,4600
winner,-1
game,4601
winner,-1
game,4602
winner,1
game,4603
winner,-1
game,4604
winner,-1
game,4605
winner,-1
game,4606
winner,-1
game,4607
winner,-1
game,4608
winner,-1
game,4609
winner,-1
game,4610
winner,-1
game,4611
winner,-1
game,4612
winner,1
game,4613
winner,-1
game,4614
winner,-1
game,4615
winner,-1
game,4616
winner,-1
game,4617
winner,-1
game,4618
winner,1
game,4619
winner,-1
game,4620
winner,-1
game,4621
winner,0
game,4622
winner,-1
game,4623
winner,-1
game,4624
winner,1
game,4625
winner,-1
game,4626
winner,-1
game,4627
winner,1
game,4628
winner,1
game,4629
winner,-1
game,4630
winner,1
game,4631
winner,-1
game,4632
winner,1
game,4633
winner,1
game,4634
winner,-1
game,4635
winner,-1
game,4636
winner,-1
game,4637
winner,-1
game,4638
winner,1
game,4639
winner,-1
game,4640
winner,-1
game,4641
winner,-1
game,4642
winner,-1
game,4643
winner,-1
game,4644
winner,-1
game,4645
winner,-1
game,4646
winner,-1
game,4647
winner,-1
game,4648
winner,1
game,4649
winner,-1
game,4650
winner,0
game,4651
winner,-1
game,4652
winner,1
game,4653
winner,-1
game,4654
winner,-1
game,4655
winner,1
game,4656
winner,-1
game,4657
winner,1
game,4658
winner,-1
game,4659
winner,1
game,4660
winner,-1
game,4661
winner,-1
game,4662
winner,-1
game,4663
winner,-1
game,4664
winner,-1
game,4665
winner,-1
game,4666
winner,-1
game,4667
winner,1
game,4668
winner,-1
game,4669
winner,0
game,4670
winner,-1
game,4671
winner,-1
game,4672
winner,-1
game,4673
winner,1
game,4674
winner,-1
game,4675
winner,-1
game,4676
winner,-1
game,4677
winner,-1
game,4678
winner,-1
game,4679
winner,-1
game,4680
winner,-1
game,4681
winner,1
game,4682
winner,-1
game,4683
winner,-1
game,4684
winner,1
game,4685
winner,-1
game,4686
winner,-1
game,4687
winner,1
game,4688
winner,-1
game,4689
winner,-1
game,4690
winner,-1
game,4691
winner,-1
game,4692
winner,-1
game,4693
winner,-1
game,4694
winner,1
game,4695
winner,-1
game,4696
winner,1
game,4697
winner,-1
game,4698
winner,-1
game,4699
winner,-1
game,4700
winner,-1
game,4701
winner,-1
game,4702
winner,-1
game,4703
winner,-1
game,4704
winner,-1
game,4705
winner,1
game,4706
winner,0
game,4707
winner,-1
game,4708
winner,-1
game,4709
winner,-1
game,4710
winner,-1
game,4711
winner,1
game,4712
winner,-1
game,4713
winner,-1
game,4714
winner,-1
game,4715
winner,-1
game,4716
winner,-1
game,4717
winner,-1
game,4718
winner,-1
game,4719
winner,-1
game,4720
winner,-1
game,4721
winner,-1
game,4722
winner,-1
game,4723
winner,0
game,4724
winner,-1
game,4725
winner,-1
game,4726
winner,-1
game,4727
winner,-1
game,4728
winner,-1
game,4729
winner,-1
game,4730
winner,1
game,4731
winner,-1
game,4732
winner,-1
game,4733
winner,1
game,4734
winner,-1
game,4735
winner,-1
game,4736
winner,1
game,4737
winner,1
game,4738
winner,-1
game,4739
winner,-1
game,4740
winner,-1
game,4741
winner,1
game,4742
winner,-1
game,4743
winner,-1
game,4744
winner,1
game,4745
winner,-1
game,4746
winner,-1
game,4747
winner,0
game,4748
winner,-1
game,4749
winner,-1
game,4750
winner,-1
game,4751
winner,0
game,4752
winner,-1
game,4753
winner,-1
game,4754
winner,-1
game,4755
winner,-1
game,4756
winner,-1
game,4757
winner,1
game,4758
winner,-1
game,4759
winner,-1
game,4760
winner,-1
game,4761
winner,-1
game,4762
winner,-1
game,4763
winner,-1
game,4764
winner,-1
game,4765
winner,-1
game,4766
winner,-1
game,4767
winner,-1
game,4768
winner,-1
game,4769
winner,-1
game,4770
winner,-1
game,4771
winner,-1
game,4772
winner,-1
game,4773
winner,-1
game,4774
winner,-1
game,4775
winner,-1
game,4776
winner,1
game,4777
winner,0
game,4778
winner,-1
game,4779
winner,-1
game,4780
winner,-1
game,4781
winner,-1
game,4782
winner,0
game,4783
winner,-1
game,4784
winner,-1
game,4785
winner,-1
game,4786
winner,-1
game,4787
winner,-1
game,4788
winner,-1
game,4789
winner,-1
game,4790
winner,1
game,4791
winner,-1
game,4792
winner,0
game,4793
winner,-1
game,4794
winner,-1
game,4795
winner,1
game,4796
winner,-1
game,4797
winner,1
game,4798
winner,0
game,4799
winner,-1
game,4800
winner,0
game,4801
winner,-1
game,4802
winner,1
game,4803
winner,-1
game,4804
winner,-1
game,4805
winner,-1
game,4806
winner,-1
game,4807
winner,0
game,4808
winner,1
game,4809
winner,-1
game,4810
winner,-1
game,4811
winner,1
game,4812
winner,-1
game,4813
winner,-1
game,4814
winner,0
game,4815
winner,-1
game,4816
winner,1
game,4817
winner,1
game,4818
winner,-1
game,4819
winner,-1
game,4820
winner,-1
game,4821
winner,-1
game,4822
winner,-1
game,4823
winner,-1
game,4824
winner,-1
game,4825
winner,-1
game,4826
winner,1
game,4827
winner,1
game,4828
winner,1
game,4829
winner,-1
game,4830
winner,1
game,4831
winner,-1
game,4832
winner,-1
game,4833
winner,1
game,4834
winner,-1
game,4835
winner,-1
game,4836
winner,-1
game,4837
winner,-1
game,4838
winner,1
game,4839
winner,-1
game,4840
winner,-1
game,4841
winner,-1
game,4842
winner,-1
game,4843
winner,-1
game,4844
winner,-1
game,4845
winner,-1
game,4846
winner,-1
game,4847
winner,-1
game,4848
winner,-1
game,4849
winner,-1
game,4850
winner,-1
game,4851
winner,-1
game,4852
winner,-1
game,4853
winner,-1
game,4854
winner,-1
game,4855
winner,-1
game,4856
winner,-1
game,4857
winner,-1
game,4858
winner,-1
game,4859
winner,1
game,4860
winner,-1
game,4861
winner,1
game,4862
winner,1
game,4863
winner,-1
game,4864
winner,-1
game,4865
winner,1
game,4866
winner,-1
game,4867
winner,-1
game,4868
winner,-1
game,4869
winner,-1
game,4870
winner,-1
game,4871
winner,-1
game,4872
winner,-1
game,4873
winner,-1
game,4874
winner,-1
game,4875
winner,-1
game,4876
winner,-1
game,4877
winner,-1
game,4878
winner,-1
game,4879
winner,-1
game,4880
winner,-1
game,4881
winner,-1
game,4882
winner,-1
game,4883
winner,-1
game,4884
winner,-1
game,4885
winner,-1
game,4886
winner,-1
game,4887
winner,-1
game,4888
winner,-1
game,4889
winner,-1
game,4890
winner,-1
game,4891
winner,-1
game,4892
winner,-1
game,4893
winner,-1
game,4894
winner,-1
game,4895
winner,-1
game,4896
winner,1
game,4897
winner,-1
game,4898
winner,-1
game,4899
winner,-1
game,4900
winner,-1
game,4901
winner,-1
game,4902
winner,-1
game,4903
winner,1
game,4904
winner,0
game,4905
winner,-1
game,4906
winner,-1
game,4907
winner,-1
game,4908
winner,-1
game,4909
winner,-1
game,4910
winner,1
game,4911
winner,-1
game,4912
winner,-1
game,4913
winner,-1
game,4914
winner,-1
game,4915
winner,-1
game,4916
winner,1
game,4917
winner,1
game,4918
winner,1
game,4919
winner,-1
game,4920
winner,-1
game,4921
winner,-1
game,4922
winner,-1
game,4923
winner,-1
game,4924
winner,-1
game,4925
winner,-1
game,4926
winner,1
game,4927
winner,-1
game,4928
winner,1
game,4929
winner,-1
game,4930
winner,1
game,4931
winner,-1
game,4932
winner,-1
game,4933
winner,-1
game,4934
winner,-1
game,4935
winner,-1
game,4936
winner,-1
game,4937
winner,0
game,4938
winner,1
game,4939
winner,-1
game,4940
winner,-1
game,4941
winner,-1
game,4942
winner,-1
game,4943
winner,-1
game,4944
winner,-1
game,4945
winner,-1
game,4946
winner,-1
game,4947
winner,-1
game,4948
winner,-1
game,4949
winner,-1
game,4950
winner,1
game,4951
winner,-1
game,4952
winner,-1
game,4953
winner,-1
game,4954
winner,1
game,4955
winner,-1
game,4956
winner,1
game,4957
winner,-1
game,4958
winner,-1
game,4959
winner,1
game,4960
winner,-1
game,4961
winner,-1
game,4962
winner,-1
game,4963
winner,-1
game,4964
winner,-1
game,4965
winner,-1
game,4966
winner,-1
game,4967
winner,-1
game,4968
winner,-1
game,4969
winner,0
game,4970
winner,-1
game,4971
winner,-1
game,4972
winner,-1
game,4973
winner,-1
game,4974
winner,-1
game,4975
winner,-1
game,4976
winner,-1
game,4977
winner,-1
game,4978
winner,-1
game,4979
winner,-1
game,4980
winner,-1
game,4981
winner,-1
game,4982
winner,-1
game,4983
winner,-1
game,4984
winner,-1
game,4985
winner,-1
game,4986
winner,-1
game,4987
winner,-1
game,4988
winner,-1
game,4989
winner,-1
game,4990
winner,0
game,4991
winner,-1
game,4992
winner,-1
game,4993
winner,-1
game,4994
winner,-1
game,4995
winner,-1
game,4996
winner,-1
game,4997
winner,-1
game,4998
winner,-1
game,4999
winner,-1
